subgroup,L,p,seed,train_size,test_size,batch_size,epochs,steps_per_epoch,lr,random_sharing,device,pl_device,diff_method,single_qubit_block,circuit_family,init_scale,allow_overlap_if_needed,epsilon,broken_K,train_loss,test_loss,train_accuracy,test_accuracy,generalization_gap,num_parameters,subgroup_order,sharing_type,elapsed_seconds,train_seed,test_seed,requested_disjoint,actual_disjoint,overlap_count,split_mode,split_protocol,split_group,group_disjoint,orbit_overlap_count,train_orbit_count,test_orbit_count,train_index_digest,test_index_digest,split_index_digest,requested_epsilon,actual_epsilon,corrupted_orbit_count,corruption_mode,corrupted_orbit_indices,source_fingerprint,environment_fingerprint,run_fingerprint
none,3,2,2,30,348,15,100,30,0.01,False,cpu,lightning.qubit,adjoint,paper,edge,0.1,False,0.0,D4,0.6155953927442336,2.5654082012945736,1.0,0.49712643678160917,0.5028735632183908,204,1,symmetry,655.6161073750118,2,0,True,True,0,d4_orbit_holdout_v1,d4_orbit_holdout_v1,D4,True,0,28,49,012351c3e3ce54f4700812ff617dbccd4d328ccf4352f78a7e46b6d690bd904f,898ffe05fe1f89dfae86bd2d395e1dcec5619e4b468dd1cef3f4db89652ed1a7,2bfac0ceb07ae056d3f567b74fbdc97415a67edaa86cf88effe46a69ad9a6361,0.0,0.0,0,none,(),5080177bfb0b19e1bdf2c632ce666ddfb4d7c99c079d28ca9950413aad67af82,0c4fabb34ac8b9127e556c700c1da20b5c8c2c4d4fcf83c8a5b917feb814ca61,f439a9ed51f57fae2f57b262021cc4415869d38f86d0bb4d2fa89db413eebdd4
none,3,2,7,30,348,15,100,30,0.01,False,cpu,lightning.qubit,adjoint,paper,edge,0.1,False,0.0,D4,0.7143274373311278,2.7692049196733306,1.0,0.4224137931034483,0.5775862068965517,204,1,symmetry,661.7152558339876,7,0,True,True,0,d4_orbit_holdout_v1,d4_orbit_holdout_v1,D4,True,0,28,49,fdebfc5b8a6735daa77adc9c5365409bddbf58c94f1b74c7343da84c639ef4a0,898ffe05fe1f89dfae86bd2d395e1dcec5619e4b468dd1cef3f4db89652ed1a7,b9f58ebcece0ce6055d3e62be47de2d425b08b1197b3b3006717c06706b355d0,0.0,0.0,0,none,(),5080177bfb0b19e1bdf2c632ce666ddfb4d7c99c079d28ca9950413aad67af82,0c4fabb34ac8b9127e556c700c1da20b5c8c2c4d4fcf83c8a5b917feb814ca61,f439a9ed51f57fae2f57b262021cc4415869d38f86d0bb4d2fa89db413eebdd4
none,3,2,2,60,348,15,100,30,0.01,False,cpu,lightning.qubit,adjoint,paper,edge,0.1,False,0.0,D4,1.0650428618089365,2.6943880629893315,0.95,0.46264367816091956,0.4873563218390804,204,1,symmetry,662.755607750034,2,0,True,True,0,d4_orbit_holdout_v1,d4_orbit_holdout_v1,D4,True,0,51,49,3e10f5e740c3e1fc60bed7b14008fc76d3a7070251b9aafc4d1c9ff42963b675,898ffe05fe1f89dfae86bd2d395e1dcec5619e4b468dd1cef3f4db89652ed1a7,5e80089d322e2e32e8df328353338fa008283708087997f172d6054f6fb1dded,0.0,0.0,0,none,(),5080177bfb0b19e1bdf2c632ce666ddfb4d7c99c079d28ca9950413aad67af82,0c4fabb34ac8b9127e556c700c1da20b5c8c2c4d4fcf83c8a5b917feb814ca61,f439a9ed51f57fae2f57b262021cc4415869d38f86d0bb4d2fa89db413eebdd4
none,3,2,7,60,348,15,100,30,0.01,False,cpu,lightning.qubit,adjoint,paper,edge,0.1,False,0.0,D4,1.1930504907701767,2.776082443357598,0.9666666666666667,0.4454022988505747,0.521264367816092,204,1,symmetry,644.2588595839916,7,0,True,True,0,d4_orbit_holdout_v1,d4_orbit_holdout_v1,D4,True,0,52,49,7913d1b81966957fc454d840fd2d104a9889a68fd43027436da50e67f84b4281,898ffe05fe1f89dfae86bd2d395e1dcec5619e4b468dd1cef3f4db89652ed1a7,6343d41d5a3117648f141b20ba8fcdab43f96977d12feb05c81bf0ab33c205fb,0.0,0.0,0,none,(),5080177bfb0b19e1bdf2c632ce666ddfb4d7c99c079d28ca9950413aad67af82,0c4fabb34ac8b9127e556c700c1da20b5c8c2c4d4fcf83c8a5b917feb814ca61,f439a9ed51f57fae2f57b262021cc4415869d38f86d0bb4d2fa89db413eebdd4
none,3,2,2,120,348,15,100,30,0.01,False,cpu,lightning.qubit,adjoint,paper,edge,0.1,False,0.0,D4,1.5383248512695284,2.4631034560461322,0.8666666666666667,0.5201149425287356,0.3465517241379311,204,1,symmetry,657.7496664999635,2,0,True,True,0,d4_orbit_holdout_v1,d4_orbit_holdout_v1,D4,True,0,93,49,585673268215e67b4791fb1d5ff75319099947474366c4072c67c363bb1d5a9b,898ffe05fe1f89dfae86bd2d395e1dcec5619e4b468dd1cef3f4db89652ed1a7,296c83d7a7f92e0eb5a4b1bd86944188f10aa254a951e3b53526d77bee1dd725,0.0,0.0,0,none,(),5080177bfb0b19e1bdf2c632ce666ddfb4d7c99c079d28ca9950413aad67af82,0c4fabb34ac8b9127e556c700c1da20b5c8c2c4d4fcf83c8a5b917feb814ca61,f439a9ed51f57fae2f57b262021cc4415869d38f86d0bb4d2fa89db413eebdd4
none,3,2,7,120,348,15,100,30,0.01,False,cpu,lightning.qubit,adjoint,paper,edge,0.1,False,0.0,D4,1.649799197420445,2.4884783639847736,0.875,0.5114942528735632,0.3635057471264368,204,1,symmetry,670.0695141250035,7,0,True,True,0,d4_orbit_holdout_v1,d4_orbit_holdout_v1,D4,True,0,91,49,a15704f4ba7b44c68aed48d02d69890a5049f9668a5ed5009d7e3d69330b5301,898ffe05fe1f89dfae86bd2d395e1dcec5619e4b468dd1cef3f4db89652ed1a7,1447b67cfb5501f7237a0c9fe011d1361d266b39505b3dd09a34d53288234a4b,0.0,0.0,0,none,(),5080177bfb0b19e1bdf2c632ce666ddfb4d7c99c079d28ca9950413aad67af82,0c4fabb34ac8b9127e556c700c1da20b5c8c2c4d4fcf83c8a5b917feb814ca61,f439a9ed51f57fae2f57b262021cc4415869d38f86d0bb4d2fa89db413eebdd4
none,3,2,2,240,348,15,100,30,0.01,False,cpu,lightning.qubit,adjoint,paper,edge,0.1,False,0.0,D4,1.9136543371344779,2.248695471438484,0.8041666666666667,0.6120689655172413,0.19209770114942537,204,1,symmetry,673.9664633329958,2,0,True,True,0,d4_orbit_holdout_v1,d4_orbit_holdout_v1,D4,True,0,152,49,6ae2b9cabf6c499004c3933f54f9064020a5eeb4ae9e3eab9eeba0ebe08c5b83,898ffe05fe1f89dfae86bd2d395e1dcec5619e4b468dd1cef3f4db89652ed1a7,fd4a44bc6c675210f27bcfe470c396d2c14f1190f75fee31a7495cd57fc37111,0.0,0.0,0,none,(),5080177bfb0b19e1bdf2c632ce666ddfb4d7c99c079d28ca9950413aad67af82,0c4fabb34ac8b9127e556c700c1da20b5c8c2c4d4fcf83c8a5b917feb814ca61,f439a9ed51f57fae2f57b262021cc4415869d38f86d0bb4d2fa89db413eebdd4
none,3,2,7,240,348,15,100,30,0.01,False,cpu,lightning.qubit,adjoint,paper,edge,0.1,False,0.0,D4,1.8267153518710406,2.1658310119638777,0.7791666666666667,0.6235632183908046,0.15560344827586203,204,1,symmetry,652.2686465000152,7,0,True,True,0,d4_orbit_holdout_v1,d4_orbit_holdout_v1,D4,True,0,148,49,04a423470264e1fc0eee90f01bf77b97b2d54c99dd0bf6e58283a870a9bc1af5,898ffe05fe1f89dfae86bd2d395e1dcec5619e4b468dd1cef3f4db89652ed1a7,b88ce323afcec010c79f85ad7a7cba3ea4dbbd574df723c05e20804820be7354,0.0,0.0,0,none,(),5080177bfb0b19e1bdf2c632ce666ddfb4d7c99c079d28ca9950413aad67af82,0c4fabb34ac8b9127e556c700c1da20b5c8c2c4d4fcf83c8a5b917feb814ca61,f439a9ed51f57fae2f57b262021cc4415869d38f86d0bb4d2fa89db413eebdd4
none,3,2,2,450,348,15,100,30,0.01,False,cpu,lightning.qubit,adjoint,paper,edge,0.1,False,0.0,D4,1.9836936375855456,2.082753418023174,0.7066666666666667,0.6695402298850575,0.03712643678160921,204,1,symmetry,651.7741585830227,2,0,True,True,0,d4_orbit_holdout_v1,d4_orbit_holdout_v1,D4,True,0,229,49,b173370472fc253d6e1cff6bf6a404b7bf82c20c111939cdef36ee1db0fdb4c9,898ffe05fe1f89dfae86bd2d395e1dcec5619e4b468dd1cef3f4db89652ed1a7,d6b2e82383286d26db34de3fe536b206c62d3bdd0bc38645f616c2fe2967f1aa,0.0,0.0,0,none,(),5080177bfb0b19e1bdf2c632ce666ddfb4d7c99c079d28ca9950413aad67af82,0c4fabb34ac8b9127e556c700c1da20b5c8c2c4d4fcf83c8a5b917feb814ca61,f439a9ed51f57fae2f57b262021cc4415869d38f86d0bb4d2fa89db413eebdd4
none,3,2,7,450,348,15,100,30,0.01,False,cpu,lightning.qubit,adjoint,paper,edge,0.1,False,0.0,D4,1.9608548167838336,2.154223374781685,0.6911111111111111,0.6408045977011494,0.05030651340996173,204,1,symmetry,638.6404806670034,7,0,True,True,0,d4_orbit_holdout_v1,d4_orbit_holdout_v1,D4,True,0,220,49,e59b993603f46c0c8ef00b8238b4af35a6ad5c327d3f84700cf93cc84364dc2d,898ffe05fe1f89dfae86bd2d395e1dcec5619e4b468dd1cef3f4db89652ed1a7,1bfd8b03cb135a01a564f5f9a7aba100cf20081ee6cadd9953cf3a266fdadc84,0.0,0.0,0,none,(),5080177bfb0b19e1bdf2c632ce666ddfb4d7c99c079d28ca9950413aad67af82,0c4fabb34ac8b9127e556c700c1da20b5c8c2c4d4fcf83c8a5b917feb814ca61,f439a9ed51f57fae2f57b262021cc4415869d38f86d0bb4d2fa89db413eebdd4
none,3,2,2,600,348,15,100,30,0.01,False,cpu,lightning.qubit,adjoint,paper,edge,0.1,False,0.0,D4,1.9912482935918892,2.143656403166848,0.685,0.6149425287356322,0.0700574712643679,204,1,symmetry,758.3296435829834,2,0,True,True,0,d4_orbit_holdout_v1,d4_orbit_holdout_v1,D4,True,0,269,49,f9ef66ed8c54beeeab8d30e8c978294086c0bc03d8089bdb0086cc397e19d97b,898ffe05fe1f89dfae86bd2d395e1dcec5619e4b468dd1cef3f4db89652ed1a7,1d49a8470be0d005a3fdbf85fced0419b16c60e88b7a367b16eacec8e9002abf,0.0,0.0,0,none,(),5080177bfb0b19e1bdf2c632ce666ddfb4d7c99c079d28ca9950413aad67af82,0c4fabb34ac8b9127e556c700c1da20b5c8c2c4d4fcf83c8a5b917feb814ca61,f439a9ed51f57fae2f57b262021cc4415869d38f86d0bb4d2fa89db413eebdd4
none,3,2,7,600,348,15,100,30,0.01,False,cpu,lightning.qubit,adjoint,paper,edge,0.1,False,0.0,D4,1.9985893427996415,2.167134173617301,0.6833333333333333,0.6235632183908046,0.05977011494252871,204,1,symmetry,630.711563416,7,0,True,True,0,d4_orbit_holdout_v1,d4_orbit_holdout_v1,D4,True,0,262,49,2e4b5e4c0ea21848b05443dfeb749ee5e4b3712272d6f850b1d1c1c198f7b414,898ffe05fe1f89dfae86bd2d395e1dcec5619e4b468dd1cef3f4db89652ed1a7,9a6df2e338d341b2a893a3b35c6043fb5969e7317e81ff563483c2696d01ef32,0.0,0.0,0,none,(),5080177bfb0b19e1bdf2c632ce666ddfb4d7c99c079d28ca9950413aad67af82,0c4fabb34ac8b9127e556c700c1da20b5c8c2c4d4fcf83c8a5b917feb814ca61,f439a9ed51f57fae2f57b262021cc4415869d38f86d0bb4d2fa89db413eebdd4
Z2_rot180,3,2,2,30,348,15,100,30,0.01,False,cpu,lightning.qubit,adjoint,paper,edge,0.1,False,0.0,D4,0.9923823078258155,2.353333117745479,1.0,0.5287356321839081,0.47126436781609193,108,2,symmetry,590.235308000003,2,0,True,True,0,d4_orbit_holdout_v1,d4_orbit_holdout_v1,D4,True,0,28,49,012351c3e3ce54f4700812ff617dbccd4d328ccf4352f78a7e46b6d690bd904f,898ffe05fe1f89dfae86bd2d395e1dcec5619e4b468dd1cef3f4db89652ed1a7,2bfac0ceb07ae056d3f567b74fbdc97415a67edaa86cf88effe46a69ad9a6361,0.0,0.0,0,none,(),5080177bfb0b19e1bdf2c632ce666ddfb4d7c99c079d28ca9950413aad67af82,0c4fabb34ac8b9127e556c700c1da20b5c8c2c4d4fcf83c8a5b917feb814ca61,f439a9ed51f57fae2f57b262021cc4415869d38f86d0bb4d2fa89db413eebdd4
Z2_rot180,3,2,7,30,348,15,100,30,0.01,False,cpu,lightning.qubit,adjoint,paper,edge,0.1,False,0.0,D4,1.0773288685564182,2.71576224190122,1.0,0.4540229885057471,0.5459770114942528,108,2,symmetry,592.3763895420125,7,0,True,True,0,d4_orbit_holdout_v1,d4_orbit_holdout_v1,D4,True,0,28,49,fdebfc5b8a6735daa77adc9c5365409bddbf58c94f1b74c7343da84c639ef4a0,898ffe05fe1f89dfae86bd2d395e1dcec5619e4b468dd1cef3f4db89652ed1a7,b9f58ebcece0ce6055d3e62be47de2d425b08b1197b3b3006717c06706b355d0,0.0,0.0,0,none,(),5080177bfb0b19e1bdf2c632ce666ddfb4d7c99c079d28ca9950413aad67af82,0c4fabb34ac8b9127e556c700c1da20b5c8c2c4d4fcf83c8a5b917feb814ca61,f439a9ed51f57fae2f57b262021cc4415869d38f86d0bb4d2fa89db413eebdd4
Z2_rot180,3,2,2,60,348,15,100,30,0.01,False,cpu,lightning.qubit,adjoint,paper,edge,0.1,False,0.0,D4,1.3352967272546823,2.5521753128596565,0.8833333333333333,0.43103448275862066,0.45229885057471264,108,2,symmetry,596.2292031659745,2,0,True,True,0,d4_orbit_holdout_v1,d4_orbit_holdout_v1,D4,True,0,51,49,3e10f5e740c3e1fc60bed7b14008fc76d3a7070251b9aafc4d1c9ff42963b675,898ffe05fe1f89dfae86bd2d395e1dcec5619e4b468dd1cef3f4db89652ed1a7,5e80089d322e2e32e8df328353338fa008283708087997f172d6054f6fb1dded,0.0,0.0,0,none,(),5080177bfb0b19e1bdf2c632ce666ddfb4d7c99c079d28ca9950413aad67af82,0c4fabb34ac8b9127e556c700c1da20b5c8c2c4d4fcf83c8a5b917feb814ca61,f439a9ed51f57fae2f57b262021cc4415869d38f86d0bb4d2fa89db413eebdd4
Z2_rot180,3,2,7,60,348,15,100,30,0.01,False,cpu,lightning.qubit,adjoint,paper,edge,0.1,False,0.0,D4,1.5670865407111658,2.287719418358232,0.8333333333333334,0.5057471264367817,0.3275862068965517,108,2,symmetry,588.682488499966,7,0,True,True,0,d4_orbit_holdout_v1,d4_orbit_holdout_v1,D4,True,0,52,49,7913d1b81966957fc454d840fd2d104a9889a68fd43027436da50e67f84b4281,898ffe05fe1f89dfae86bd2d395e1dcec5619e4b468dd1cef3f4db89652ed1a7,6343d41d5a3117648f141b20ba8fcdab43f96977d12feb05c81bf0ab33c205fb,0.0,0.0,0,none,(),5080177bfb0b19e1bdf2c632ce666ddfb4d7c99c079d28ca9950413aad67af82,0c4fabb34ac8b9127e556c700c1da20b5c8c2c4d4fcf83c8a5b917feb814ca61,f439a9ed51f57fae2f57b262021cc4415869d38f86d0bb4d2fa89db413eebdd4
Z2_rot180,3,2,2,120,348,15,100,30,0.01,False,cpu,lightning.qubit,adjoint,paper,edge,0.1,False,0.0,D4,1.7726121155822245,2.2372285125762676,0.8,0.6149425287356322,0.1850574712643679,108,2,symmetry,587.0605841670185,2,0,True,True,0,d4_orbit_holdout_v1,d4_orbit_holdout_v1,D4,True,0,93,49,585673268215e67b4791fb1d5ff75319099947474366c4072c67c363bb1d5a9b,898ffe05fe1f89dfae86bd2d395e1dcec5619e4b468dd1cef3f4db89652ed1a7,296c83d7a7f92e0eb5a4b1bd86944188f10aa254a951e3b53526d77bee1dd725,0.0,0.0,0,none,(),5080177bfb0b19e1bdf2c632ce666ddfb4d7c99c079d28ca9950413aad67af82,0c4fabb34ac8b9127e556c700c1da20b5c8c2c4d4fcf83c8a5b917feb814ca61,f439a9ed51f57fae2f57b262021cc4415869d38f86d0bb4d2fa89db413eebdd4
Z2_rot180,3,2,7,120,348,15,100,30,0.01,False,cpu,lightning.qubit,adjoint,paper,edge,0.1,False,0.0,D4,1.87251567174816,2.3433366528105686,0.7833333333333333,0.5689655172413793,0.214367816091954,108,2,symmetry,593.0104861250147,7,0,True,True,0,d4_orbit_holdout_v1,d4_orbit_holdout_v1,D4,True,0,91,49,a15704f4ba7b44c68aed48d02d69890a5049f9668a5ed5009d7e3d69330b5301,898ffe05fe1f89dfae86bd2d395e1dcec5619e4b468dd1cef3f4db89652ed1a7,1447b67cfb5501f7237a0c9fe011d1361d266b39505b3dd09a34d53288234a4b,0.0,0.0,0,none,(),5080177bfb0b19e1bdf2c632ce666ddfb4d7c99c079d28ca9950413aad67af82,0c4fabb34ac8b9127e556c700c1da20b5c8c2c4d4fcf83c8a5b917feb814ca61,f439a9ed51f57fae2f57b262021cc4415869d38f86d0bb4d2fa89db413eebdd4
Z2_rot180,3,2,2,240,348,15,100,30,0.01,False,cpu,lightning.qubit,adjoint,paper,edge,0.1,False,0.0,D4,1.8899485154801718,2.1596369636529498,0.7958333333333333,0.6781609195402298,0.11767241379310345,108,2,symmetry,599.0158933340572,2,0,True,True,0,d4_orbit_holdout_v1,d4_orbit_holdout_v1,D4,True,0,152,49,6ae2b9cabf6c499004c3933f54f9064020a5eeb4ae9e3eab9eeba0ebe08c5b83,898ffe05fe1f89dfae86bd2d395e1dcec5619e4b468dd1cef3f4db89652ed1a7,fd4a44bc6c675210f27bcfe470c396d2c14f1190f75fee31a7495cd57fc37111,0.0,0.0,0,none,(),5080177bfb0b19e1bdf2c632ce666ddfb4d7c99c079d28ca9950413aad67af82,0c4fabb34ac8b9127e556c700c1da20b5c8c2c4d4fcf83c8a5b917feb814ca61,f439a9ed51f57fae2f57b262021cc4415869d38f86d0bb4d2fa89db413eebdd4
Z2_rot180,3,2,7,240,348,15,100,30,0.01,False,cpu,lightning.qubit,adjoint,paper,edge,0.1,False,0.0,D4,1.9338501676871993,2.116968290295109,0.7625,0.632183908045977,0.13031609195402294,108,2,symmetry,596.4246042089653,7,0,True,True,0,d4_orbit_holdout_v1,d4_orbit_holdout_v1,D4,True,0,148,49,04a423470264e1fc0eee90f01bf77b97b2d54c99dd0bf6e58283a870a9bc1af5,898ffe05fe1f89dfae86bd2d395e1dcec5619e4b468dd1cef3f4db89652ed1a7,b88ce323afcec010c79f85ad7a7cba3ea4dbbd574df723c05e20804820be7354,0.0,0.0,0,none,(),5080177bfb0b19e1bdf2c632ce666ddfb4d7c99c079d28ca9950413aad67af82,0c4fabb34ac8b9127e556c700c1da20b5c8c2c4d4fcf83c8a5b917feb814ca61,f439a9ed51f57fae2f57b262021cc4415869d38f86d0bb4d2fa89db413eebdd4
Z2_rot180,3,2,2,450,348,15,100,30,0.01,False,cpu,lightning.qubit,adjoint,paper,edge,0.1,False,0.0,D4,1.9671541641999102,2.0703293967869887,0.7288888888888889,0.6954022988505747,0.03348659003831422,108,2,symmetry,607.4421213750029,2,0,True,True,0,d4_orbit_holdout_v1,d4_orbit_holdout_v1,D4,True,0,229,49,b173370472fc253d6e1cff6bf6a404b7bf82c20c111939cdef36ee1db0fdb4c9,898ffe05fe1f89dfae86bd2d395e1dcec5619e4b468dd1cef3f4db89652ed1a7,d6b2e82383286d26db34de3fe536b206c62d3bdd0bc38645f616c2fe2967f1aa,0.0,0.0,0,none,(),5080177bfb0b19e1bdf2c632ce666ddfb4d7c99c079d28ca9950413aad67af82,0c4fabb34ac8b9127e556c700c1da20b5c8c2c4d4fcf83c8a5b917feb814ca61,f439a9ed51f57fae2f57b262021cc4415869d38f86d0bb4d2fa89db413eebdd4
Z2_rot180,3,2,7,450,348,15,100,30,0.01,False,cpu,lightning.qubit,adjoint,paper,edge,0.1,False,0.0,D4,1.9606921548323033,2.056116357227054,0.72,0.7183908045977011,0.0016091954022988686,108,2,symmetry,1222.2263226669747,7,0,True,True,0,d4_orbit_holdout_v1,d4_orbit_holdout_v1,D4,True,0,220,49,e59b993603f46c0c8ef00b8238b4af35a6ad5c327d3f84700cf93cc84364dc2d,898ffe05fe1f89dfae86bd2d395e1dcec5619e4b468dd1cef3f4db89652ed1a7,1bfd8b03cb135a01a564f5f9a7aba100cf20081ee6cadd9953cf3a266fdadc84,0.0,0.0,0,none,(),5080177bfb0b19e1bdf2c632ce666ddfb4d7c99c079d28ca9950413aad67af82,0c4fabb34ac8b9127e556c700c1da20b5c8c2c4d4fcf83c8a5b917feb814ca61,f439a9ed51f57fae2f57b262021cc4415869d38f86d0bb4d2fa89db413eebdd4
Z2_rot180,3,2,2,600,348,15,100,30,0.01,False,cpu,lightning.qubit,adjoint,paper,edge,0.1,False,0.0,D4,1.9523511909813305,2.179265795700088,0.7083333333333334,0.6379310344827587,0.0704022988505747,108,2,symmetry,1554.0400979999686,2,0,True,True,0,d4_orbit_holdout_v1,d4_orbit_holdout_v1,D4,True,0,269,49,f9ef66ed8c54beeeab8d30e8c978294086c0bc03d8089bdb0086cc397e19d97b,898ffe05fe1f89dfae86bd2d395e1dcec5619e4b468dd1cef3f4db89652ed1a7,1d49a8470be0d005a3fdbf85fced0419b16c60e88b7a367b16eacec8e9002abf,0.0,0.0,0,none,(),5080177bfb0b19e1bdf2c632ce666ddfb4d7c99c079d28ca9950413aad67af82,0c4fabb34ac8b9127e556c700c1da20b5c8c2c4d4fcf83c8a5b917feb814ca61,f439a9ed51f57fae2f57b262021cc4415869d38f86d0bb4d2fa89db413eebdd4
Z2_rot180,3,2,7,600,348,15,100,30,0.01,False,cpu,lightning.qubit,adjoint,paper,edge,0.1,False,0.0,D4,2.080229032369027,2.140017114836015,0.6983333333333334,0.6551724137931034,0.043160919540229936,108,2,symmetry,1350.392224457988,7,0,True,True,0,d4_orbit_holdout_v1,d4_orbit_holdout_v1,D4,True,0,262,49,2e4b5e4c0ea21848b05443dfeb749ee5e4b3712272d6f850b1d1c1c198f7b414,898ffe05fe1f89dfae86bd2d395e1dcec5619e4b468dd1cef3f4db89652ed1a7,9a6df2e338d341b2a893a3b35c6043fb5969e7317e81ff563483c2696d01ef32,0.0,0.0,0,none,(),5080177bfb0b19e1bdf2c632ce666ddfb4d7c99c079d28ca9950413aad67af82,0c4fabb34ac8b9127e556c700c1da20b5c8c2c4d4fcf83c8a5b917feb814ca61,f439a9ed51f57fae2f57b262021cc4415869d38f86d0bb4d2fa89db413eebdd4
Z2_reflection,3,2,2,30,348,15,100,30,0.01,False,cpu,lightning.qubit,adjoint,paper,edge,0.1,False,0.0,D4,0.8927849837829728,2.3681165540499207,1.0,0.5229885057471264,0.4770114942528736,126,2,symmetry,1481.911978500022,2,0,True,True,0,d4_orbit_holdout_v1,d4_orbit_holdout_v1,D4,True,0,28,49,012351c3e3ce54f4700812ff617dbccd4d328ccf4352f78a7e46b6d690bd904f,898ffe05fe1f89dfae86bd2d395e1dcec5619e4b468dd1cef3f4db89652ed1a7,2bfac0ceb07ae056d3f567b74fbdc97415a67edaa86cf88effe46a69ad9a6361,0.0,0.0,0,none,(),5080177bfb0b19e1bdf2c632ce666ddfb4d7c99c079d28ca9950413aad67af82,0c4fabb34ac8b9127e556c700c1da20b5c8c2c4d4fcf83c8a5b917feb814ca61,f439a9ed51f57fae2f57b262021cc4415869d38f86d0bb4d2fa89db413eebdd4
Z2_reflection,3,2,7,30,348,15,100,30,0.01,False,cpu,lightning.qubit,adjoint,paper,edge,0.1,False,0.0,D4,1.0219506590826966,2.9722861106217677,1.0,0.3620689655172414,0.6379310344827587,126,2,symmetry,1304.9203790000174,7,0,True,True,0,d4_orbit_holdout_v1,d4_orbit_holdout_v1,D4,True,0,28,49,fdebfc5b8a6735daa77adc9c5365409bddbf58c94f1b74c7343da84c639ef4a0,898ffe05fe1f89dfae86bd2d395e1dcec5619e4b468dd1cef3f4db89652ed1a7,b9f58ebcece0ce6055d3e62be47de2d425b08b1197b3b3006717c06706b355d0,0.0,0.0,0,none,(),5080177bfb0b19e1bdf2c632ce666ddfb4d7c99c079d28ca9950413aad67af82,0c4fabb34ac8b9127e556c700c1da20b5c8c2c4d4fcf83c8a5b917feb814ca61,f439a9ed51f57fae2f57b262021cc4415869d38f86d0bb4d2fa89db413eebdd4
Z2_reflection,3,2,2,60,348,15,100,30,0.01,False,cpu,lightning.qubit,adjoint,paper,edge,0.1,False,0.0,D4,1.3371047953013186,2.3477466507502274,0.9333333333333333,0.5373563218390804,0.3959770114942529,126,2,symmetry,1279.5281597500434,2,0,True,True,0,d4_orbit_holdout_v1,d4_orbit_holdout_v1,D4,True,0,51,49,3e10f5e740c3e1fc60bed7b14008fc76d3a7070251b9aafc4d1c9ff42963b675,898ffe05fe1f89dfae86bd2d395e1dcec5619e4b468dd1cef3f4db89652ed1a7,5e80089d322e2e32e8df328353338fa008283708087997f172d6054f6fb1dded,0.0,0.0,0,none,(),5080177bfb0b19e1bdf2c632ce666ddfb4d7c99c079d28ca9950413aad67af82,0c4fabb34ac8b9127e556c700c1da20b5c8c2c4d4fcf83c8a5b917feb814ca61,f439a9ed51f57fae2f57b262021cc4415869d38f86d0bb4d2fa89db413eebdd4
Z2_reflection,3,2,7,60,348,15,100,30,0.01,False,cpu,lightning.qubit,adjoint,paper,edge,0.1,False,0.0,D4,1.3483733593884182,2.588233390766909,0.9166666666666666,0.46264367816091956,0.45402298850574707,126,2,symmetry,1297.7539869580069,7,0,True,True,0,d4_orbit_holdout_v1,d4_orbit_holdout_v1,D4,True,0,52,49,7913d1b81966957fc454d840fd2d104a9889a68fd43027436da50e67f84b4281,898ffe05fe1f89dfae86bd2d395e1dcec5619e4b468dd1cef3f4db89652ed1a7,6343d41d5a3117648f141b20ba8fcdab43f96977d12feb05c81bf0ab33c205fb,0.0,0.0,0,none,(),5080177bfb0b19e1bdf2c632ce666ddfb4d7c99c079d28ca9950413aad67af82,0c4fabb34ac8b9127e556c700c1da20b5c8c2c4d4fcf83c8a5b917feb814ca61,f439a9ed51f57fae2f57b262021cc4415869d38f86d0bb4d2fa89db413eebdd4
Z2_reflection,3,2,2,120,348,15,100,30,0.01,False,cpu,lightning.qubit,adjoint,paper,edge,0.1,False,0.0,D4,1.766371443002748,2.267279662004592,0.85,0.5862068965517241,0.2637931034482759,126,2,symmetry,1353.3060089999926,2,0,True,True,0,d4_orbit_holdout_v1,d4_orbit_holdout_v1,D4,True,0,93,49,585673268215e67b4791fb1d5ff75319099947474366c4072c67c363bb1d5a9b,898ffe05fe1f89dfae86bd2d395e1dcec5619e4b468dd1cef3f4db89652ed1a7,296c83d7a7f92e0eb5a4b1bd86944188f10aa254a951e3b53526d77bee1dd725,0.0,0.0,0,none,(),5080177bfb0b19e1bdf2c632ce666ddfb4d7c99c079d28ca9950413aad67af82,0c4fabb34ac8b9127e556c700c1da20b5c8c2c4d4fcf83c8a5b917feb814ca61,f439a9ed51f57fae2f57b262021cc4415869d38f86d0bb4d2fa89db413eebdd4
Z2_reflection,3,2,7,120,348,15,100,30,0.01,False,cpu,lightning.qubit,adjoint,paper,edge,0.1,False,0.0,D4,1.6946448143057755,2.3722494745564613,0.8,0.5718390804597702,0.22816091954022988,126,2,symmetry,1354.657598083024,7,0,True,True,0,d4_orbit_holdout_v1,d4_orbit_holdout_v1,D4,True,0,91,49,a15704f4ba7b44c68aed48d02d69890a5049f9668a5ed5009d7e3d69330b5301,898ffe05fe1f89dfae86bd2d395e1dcec5619e4b468dd1cef3f4db89652ed1a7,1447b67cfb5501f7237a0c9fe011d1361d266b39505b3dd09a34d53288234a4b,0.0,0.0,0,none,(),5080177bfb0b19e1bdf2c632ce666ddfb4d7c99c079d28ca9950413aad67af82,0c4fabb34ac8b9127e556c700c1da20b5c8c2c4d4fcf83c8a5b917feb814ca61,f439a9ed51f57fae2f57b262021cc4415869d38f86d0bb4d2fa89db413eebdd4
Z2_reflection,3,2,2,240,348,15,100,30,0.01,False,cpu,lightning.qubit,adjoint,paper,edge,0.1,False,0.0,D4,1.9639700797428674,2.1147452562346234,0.7333333333333333,0.6781609195402298,0.05517241379310345,126,2,symmetry,1265.6764770829468,2,0,True,True,0,d4_orbit_holdout_v1,d4_orbit_holdout_v1,D4,True,0,152,49,6ae2b9cabf6c499004c3933f54f9064020a5eeb4ae9e3eab9eeba0ebe08c5b83,898ffe05fe1f89dfae86bd2d395e1dcec5619e4b468dd1cef3f4db89652ed1a7,fd4a44bc6c675210f27bcfe470c396d2c14f1190f75fee31a7495cd57fc37111,0.0,0.0,0,none,(),5080177bfb0b19e1bdf2c632ce666ddfb4d7c99c079d28ca9950413aad67af82,0c4fabb34ac8b9127e556c700c1da20b5c8c2c4d4fcf83c8a5b917feb814ca61,f439a9ed51f57fae2f57b262021cc4415869d38f86d0bb4d2fa89db413eebdd4
Z2_reflection,3,2,7,240,348,15,100,30,0.01,False,cpu,lightning.qubit,adjoint,paper,edge,0.1,False,0.0,D4,1.8956463687121896,2.176174096115692,0.7958333333333333,0.6206896551724138,0.17514367816091947,126,2,symmetry,1129.4593070420087,7,0,True,True,0,d4_orbit_holdout_v1,d4_orbit_holdout_v1,D4,True,0,148,49,04a423470264e1fc0eee90f01bf77b97b2d54c99dd0bf6e58283a870a9bc1af5,898ffe05fe1f89dfae86bd2d395e1dcec5619e4b468dd1cef3f4db89652ed1a7,b88ce323afcec010c79f85ad7a7cba3ea4dbbd574df723c05e20804820be7354,0.0,0.0,0,none,(),5080177bfb0b19e1bdf2c632ce666ddfb4d7c99c079d28ca9950413aad67af82,0c4fabb34ac8b9127e556c700c1da20b5c8c2c4d4fcf83c8a5b917feb814ca61,f439a9ed51f57fae2f57b262021cc4415869d38f86d0bb4d2fa89db413eebdd4
Z2_reflection,3,2,2,450,348,15,100,30,0.01,False,cpu,lightning.qubit,adjoint,paper,edge,0.1,False,0.0,D4,1.9751188697702087,2.0010396518640197,0.74,0.7298850574712644,0.010114942528735571,126,2,symmetry,1467.6600939999917,2,0,True,True,0,d4_orbit_holdout_v1,d4_orbit_holdout_v1,D4,True,0,229,49,b173370472fc253d6e1cff6bf6a404b7bf82c20c111939cdef36ee1db0fdb4c9,898ffe05fe1f89dfae86bd2d395e1dcec5619e4b468dd1cef3f4db89652ed1a7,d6b2e82383286d26db34de3fe536b206c62d3bdd0bc38645f616c2fe2967f1aa,0.0,0.0,0,none,(),5080177bfb0b19e1bdf2c632ce666ddfb4d7c99c079d28ca9950413aad67af82,0c4fabb34ac8b9127e556c700c1da20b5c8c2c4d4fcf83c8a5b917feb814ca61,f439a9ed51f57fae2f57b262021cc4415869d38f86d0bb4d2fa89db413eebdd4
Z2_reflection,3,2,7,450,348,15,100,30,0.01,False,cpu,lightning.qubit,adjoint,paper,edge,0.1,False,0.0,D4,1.9630067839215215,2.0468436931742993,0.74,0.6954022988505747,0.044597701149425295,126,2,symmetry,1432.9642444580095,7,0,True,True,0,d4_orbit_holdout_v1,d4_orbit_holdout_v1,D4,True,0,220,49,e59b993603f46c0c8ef00b8238b4af35a6ad5c327d3f84700cf93cc84364dc2d,898ffe05fe1f89dfae86bd2d395e1dcec5619e4b468dd1cef3f4db89652ed1a7,1bfd8b03cb135a01a564f5f9a7aba100cf20081ee6cadd9953cf3a266fdadc84,0.0,0.0,0,none,(),5080177bfb0b19e1bdf2c632ce666ddfb4d7c99c079d28ca9950413aad67af82,0c4fabb34ac8b9127e556c700c1da20b5c8c2c4d4fcf83c8a5b917feb814ca61,f439a9ed51f57fae2f57b262021cc4415869d38f86d0bb4d2fa89db413eebdd4
Z2_reflection,3,2,2,600,348,15,100,30,0.01,False,cpu,lightning.qubit,adjoint,paper,edge,0.1,False,0.0,D4,2.0138895931219154,2.1249952336326134,0.7383333333333333,0.6954022988505747,0.04293103448275859,126,2,symmetry,1158.8368306250195,2,0,True,True,0,d4_orbit_holdout_v1,d4_orbit_holdout_v1,D4,True,0,269,49,f9ef66ed8c54beeeab8d30e8c978294086c0bc03d8089bdb0086cc397e19d97b,898ffe05fe1f89dfae86bd2d395e1dcec5619e4b468dd1cef3f4db89652ed1a7,1d49a8470be0d005a3fdbf85fced0419b16c60e88b7a367b16eacec8e9002abf,0.0,0.0,0,none,(),5080177bfb0b19e1bdf2c632ce666ddfb4d7c99c079d28ca9950413aad67af82,0c4fabb34ac8b9127e556c700c1da20b5c8c2c4d4fcf83c8a5b917feb814ca61,f439a9ed51f57fae2f57b262021cc4415869d38f86d0bb4d2fa89db413eebdd4
Z2_reflection,3,2,7,600,348,15,100,30,0.01,False,cpu,lightning.qubit,adjoint,paper,edge,0.1,False,0.0,D4,2.0780888798478214,2.1524686185269437,0.6416666666666667,0.6781609195402298,-0.036494252873563116,126,2,symmetry,1545.7203595419996,7,0,True,True,0,d4_orbit_holdout_v1,d4_orbit_holdout_v1,D4,True,0,262,49,2e4b5e4c0ea21848b05443dfeb749ee5e4b3712272d6f850b1d1c1c198f7b414,898ffe05fe1f89dfae86bd2d395e1dcec5619e4b468dd1cef3f4db89652ed1a7,9a6df2e338d341b2a893a3b35c6043fb5969e7317e81ff563483c2696d01ef32,0.0,0.0,0,none,(),5080177bfb0b19e1bdf2c632ce666ddfb4d7c99c079d28ca9950413aad67af82,0c4fabb34ac8b9127e556c700c1da20b5c8c2c4d4fcf83c8a5b917feb814ca61,f439a9ed51f57fae2f57b262021cc4415869d38f86d0bb4d2fa89db413eebdd4
C4,3,2,2,30,348,15,100,30,0.01,False,cpu,lightning.qubit,adjoint,paper,edge,0.1,False,0.0,D4,1.2259812037098448,2.151008671510374,0.9,0.5862068965517241,0.31379310344827593,60,4,symmetry,1302.6747213749913,2,0,True,True,0,d4_orbit_holdout_v1,d4_orbit_holdout_v1,D4,True,0,28,49,012351c3e3ce54f4700812ff617dbccd4d328ccf4352f78a7e46b6d690bd904f,898ffe05fe1f89dfae86bd2d395e1dcec5619e4b468dd1cef3f4db89652ed1a7,2bfac0ceb07ae056d3f567b74fbdc97415a67edaa86cf88effe46a69ad9a6361,0.0,0.0,0,none,(),5080177bfb0b19e1bdf2c632ce666ddfb4d7c99c079d28ca9950413aad67af82,0c4fabb34ac8b9127e556c700c1da20b5c8c2c4d4fcf83c8a5b917feb814ca61,f439a9ed51f57fae2f57b262021cc4415869d38f86d0bb4d2fa89db413eebdd4
C4,3,2,7,30,348,15,100,30,0.01,False,cpu,lightning.qubit,adjoint,paper,edge,0.1,False,0.0,D4,1.513332641505913,2.5563606107730372,0.9,0.41379310344827586,0.48620689655172417,60,4,symmetry,1152.086327750003,7,0,True,True,0,d4_orbit_holdout_v1,d4_orbit_holdout_v1,D4,True,0,28,49,fdebfc5b8a6735daa77adc9c5365409bddbf58c94f1b74c7343da84c639ef4a0,898ffe05fe1f89dfae86bd2d395e1dcec5619e4b468dd1cef3f4db89652ed1a7,b9f58ebcece0ce6055d3e62be47de2d425b08b1197b3b3006717c06706b355d0,0.0,0.0,0,none,(),5080177bfb0b19e1bdf2c632ce666ddfb4d7c99c079d28ca9950413aad67af82,0c4fabb34ac8b9127e556c700c1da20b5c8c2c4d4fcf83c8a5b917feb814ca61,f439a9ed51f57fae2f57b262021cc4415869d38f86d0bb4d2fa89db413eebdd4
C4,3,2,2,60,348,15,100,30,0.01,False,cpu,lightning.qubit,adjoint,paper,edge,0.1,False,0.0,D4,1.5030573598718964,2.2304122708447696,0.8333333333333334,0.5747126436781609,0.2586206896551725,60,4,symmetry,1417.437990958977,2,0,True,True,0,d4_orbit_holdout_v1,d4_orbit_holdout_v1,D4,True,0,51,49,3e10f5e740c3e1fc60bed7b14008fc76d3a7070251b9aafc4d1c9ff42963b675,898ffe05fe1f89dfae86bd2d395e1dcec5619e4b468dd1cef3f4db89652ed1a7,5e80089d322e2e32e8df328353338fa008283708087997f172d6054f6fb1dded,0.0,0.0,0,none,(),5080177bfb0b19e1bdf2c632ce666ddfb4d7c99c079d28ca9950413aad67af82,0c4fabb34ac8b9127e556c700c1da20b5c8c2c4d4fcf83c8a5b917feb814ca61,f439a9ed51f57fae2f57b262021cc4415869d38f86d0bb4d2fa89db413eebdd4
C4,3,2,7,60,348,15,100,30,0.01,False,cpu,lightning.qubit,adjoint,paper,edge,0.1,False,0.0,D4,1.7205873285346864,2.3040132989040694,0.8333333333333334,0.632183908045977,0.20114942528735635,60,4,symmetry,1432.3238569999812,7,0,True,True,0,d4_orbit_holdout_v1,d4_orbit_holdout_v1,D4,True,0,52,49,7913d1b81966957fc454d840fd2d104a9889a68fd43027436da50e67f84b4281,898ffe05fe1f89dfae86bd2d395e1dcec5619e4b468dd1cef3f4db89652ed1a7,6343d41d5a3117648f141b20ba8fcdab43f96977d12feb05c81bf0ab33c205fb,0.0,0.0,0,none,(),5080177bfb0b19e1bdf2c632ce666ddfb4d7c99c079d28ca9950413aad67af82,0c4fabb34ac8b9127e556c700c1da20b5c8c2c4d4fcf83c8a5b917feb814ca61,f439a9ed51f57fae2f57b262021cc4415869d38f86d0bb4d2fa89db413eebdd4
C4,3,2,2,120,348,15,100,30,0.01,False,cpu,lightning.qubit,adjoint,paper,edge,0.1,False,0.0,D4,1.842694037685103,2.0339872690604004,0.7833333333333333,0.6896551724137931,0.09367816091954018,60,4,symmetry,1231.107916833018,2,0,True,True,0,d4_orbit_holdout_v1,d4_orbit_holdout_v1,D4,True,0,93,49,585673268215e67b4791fb1d5ff75319099947474366c4072c67c363bb1d5a9b,898ffe05fe1f89dfae86bd2d395e1dcec5619e4b468dd1cef3f4db89652ed1a7,296c83d7a7f92e0eb5a4b1bd86944188f10aa254a951e3b53526d77bee1dd725,0.0,0.0,0,none,(),5080177bfb0b19e1bdf2c632ce666ddfb4d7c99c079d28ca9950413aad67af82,0c4fabb34ac8b9127e556c700c1da20b5c8c2c4d4fcf83c8a5b917feb814ca61,f439a9ed51f57fae2f57b262021cc4415869d38f86d0bb4d2fa89db413eebdd4
C4,3,2,7,120,348,15,100,30,0.01,False,cpu,lightning.qubit,adjoint,paper,edge,0.1,False,0.0,D4,1.8227251019792865,2.599149957365122,0.7333333333333333,0.4367816091954023,0.29655172413793096,60,4,symmetry,1214.8939500420238,7,0,True,True,0,d4_orbit_holdout_v1,d4_orbit_holdout_v1,D4,True,0,91,49,a15704f4ba7b44c68aed48d02d69890a5049f9668a5ed5009d7e3d69330b5301,898ffe05fe1f89dfae86bd2d395e1dcec5619e4b468dd1cef3f4db89652ed1a7,1447b67cfb5501f7237a0c9fe011d1361d266b39505b3dd09a34d53288234a4b,0.0,0.0,0,none,(),5080177bfb0b19e1bdf2c632ce666ddfb4d7c99c079d28ca9950413aad67af82,0c4fabb34ac8b9127e556c700c1da20b5c8c2c4d4fcf83c8a5b917feb814ca61,f439a9ed51f57fae2f57b262021cc4415869d38f86d0bb4d2fa89db413eebdd4
C4,3,2,2,240,348,15,100,30,0.01,False,cpu,lightning.qubit,adjoint,paper,edge,0.1,False,0.0,D4,1.9253843681061922,2.13641502320963,0.7625,0.6551724137931034,0.10732758620689653,60,4,symmetry,1410.0184172079898,2,0,True,True,0,d4_orbit_holdout_v1,d4_orbit_holdout_v1,D4,True,0,152,49,6ae2b9cabf6c499004c3933f54f9064020a5eeb4ae9e3eab9eeba0ebe08c5b83,898ffe05fe1f89dfae86bd2d395e1dcec5619e4b468dd1cef3f4db89652ed1a7,fd4a44bc6c675210f27bcfe470c396d2c14f1190f75fee31a7495cd57fc37111,0.0,0.0,0,none,(),5080177bfb0b19e1bdf2c632ce666ddfb4d7c99c079d28ca9950413aad67af82,0c4fabb34ac8b9127e556c700c1da20b5c8c2c4d4fcf83c8a5b917feb814ca61,f439a9ed51f57fae2f57b262021cc4415869d38f86d0bb4d2fa89db413eebdd4
C4,3,2,7,240,348,15,100,30,0.01,False,cpu,lightning.qubit,adjoint,paper,edge,0.1,False,0.0,D4,1.922232222355922,2.040117257399746,0.7541666666666667,0.6666666666666666,0.08750000000000002,60,4,symmetry,1413.0266457080143,7,0,True,True,0,d4_orbit_holdout_v1,d4_orbit_holdout_v1,D4,True,0,148,49,04a423470264e1fc0eee90f01bf77b97b2d54c99dd0bf6e58283a870a9bc1af5,898ffe05fe1f89dfae86bd2d395e1dcec5619e4b468dd1cef3f4db89652ed1a7,b88ce323afcec010c79f85ad7a7cba3ea4dbbd574df723c05e20804820be7354,0.0,0.0,0,none,(),5080177bfb0b19e1bdf2c632ce666ddfb4d7c99c079d28ca9950413aad67af82,0c4fabb34ac8b9127e556c700c1da20b5c8c2c4d4fcf83c8a5b917feb814ca61,f439a9ed51f57fae2f57b262021cc4415869d38f86d0bb4d2fa89db413eebdd4
C4,3,2,2,450,348,15,100,30,0.01,False,cpu,lightning.qubit,adjoint,paper,edge,0.1,False,0.0,D4,1.9974153253313975,2.0798200815350123,0.7444444444444445,0.7241379310344828,0.0203065134099617,60,4,symmetry,1401.5192181250313,2,0,True,True,0,d4_orbit_holdout_v1,d4_orbit_holdout_v1,D4,True,0,229,49,b173370472fc253d6e1cff6bf6a404b7bf82c20c111939cdef36ee1db0fdb4c9,898ffe05fe1f89dfae86bd2d395e1dcec5619e4b468dd1cef3f4db89652ed1a7,d6b2e82383286d26db34de3fe536b206c62d3bdd0bc38645f616c2fe2967f1aa,0.0,0.0,0,none,(),5080177bfb0b19e1bdf2c632ce666ddfb4d7c99c079d28ca9950413aad67af82,0c4fabb34ac8b9127e556c700c1da20b5c8c2c4d4fcf83c8a5b917feb814ca61,f439a9ed51f57fae2f57b262021cc4415869d38f86d0bb4d2fa89db413eebdd4
C4,3,2,7,450,348,15,100,30,0.01,False,cpu,lightning.qubit,adjoint,paper,edge,0.1,False,0.0,D4,1.9493313018791885,2.0667306365948326,0.7177777777777777,0.7011494252873564,0.016628352490421383,60,4,symmetry,1269.486762082961,7,0,True,True,0,d4_orbit_holdout_v1,d4_orbit_holdout_v1,D4,True,0,220,49,e59b993603f46c0c8ef00b8238b4af35a6ad5c327d3f84700cf93cc84364dc2d,898ffe05fe1f89dfae86bd2d395e1dcec5619e4b468dd1cef3f4db89652ed1a7,1bfd8b03cb135a01a564f5f9a7aba100cf20081ee6cadd9953cf3a266fdadc84,0.0,0.0,0,none,(),5080177bfb0b19e1bdf2c632ce666ddfb4d7c99c079d28ca9950413aad67af82,0c4fabb34ac8b9127e556c700c1da20b5c8c2c4d4fcf83c8a5b917feb814ca61,f439a9ed51f57fae2f57b262021cc4415869d38f86d0bb4d2fa89db413eebdd4
C4,3,2,2,600,348,15,100,30,0.01,False,cpu,lightning.qubit,adjoint,paper,edge,0.1,False,0.0,D4,1.9754912174189652,2.120821760708356,0.7633333333333333,0.7011494252873564,0.062183908045976954,60,4,symmetry,1307.7654290829669,2,0,True,True,0,d4_orbit_holdout_v1,d4_orbit_holdout_v1,D4,True,0,269,49,f9ef66ed8c54beeeab8d30e8c978294086c0bc03d8089bdb0086cc397e19d97b,898ffe05fe1f89dfae86bd2d395e1dcec5619e4b468dd1cef3f4db89652ed1a7,1d49a8470be0d005a3fdbf85fced0419b16c60e88b7a367b16eacec8e9002abf,0.0,0.0,0,none,(),5080177bfb0b19e1bdf2c632ce666ddfb4d7c99c079d28ca9950413aad67af82,0c4fabb34ac8b9127e556c700c1da20b5c8c2c4d4fcf83c8a5b917feb814ca61,f439a9ed51f57fae2f57b262021cc4415869d38f86d0bb4d2fa89db413eebdd4
C4,3,2,7,600,348,15,100,30,0.01,False,cpu,lightning.qubit,adjoint,paper,edge,0.1,False,0.0,D4,1.9628119415158418,2.1064325037106126,0.6716666666666666,0.6436781609195402,0.027988505747126413,60,4,symmetry,1302.8142827500124,7,0,True,True,0,d4_orbit_holdout_v1,d4_orbit_holdout_v1,D4,True,0,262,49,2e4b5e4c0ea21848b05443dfeb749ee5e4b3712272d6f850b1d1c1c198f7b414,898ffe05fe1f89dfae86bd2d395e1dcec5619e4b468dd1cef3f4db89652ed1a7,9a6df2e338d341b2a893a3b35c6043fb5969e7317e81ff563483c2696d01ef32,0.0,0.0,0,none,(),5080177bfb0b19e1bdf2c632ce666ddfb4d7c99c079d28ca9950413aad67af82,0c4fabb34ac8b9127e556c700c1da20b5c8c2c4d4fcf83c8a5b917feb814ca61,f439a9ed51f57fae2f57b262021cc4415869d38f86d0bb4d2fa89db413eebdd4
D2_V4,3,2,2,30,348,15,100,30,0.01,False,cpu,lightning.qubit,adjoint,paper,edge,0.1,False,0.0,D4,1.182397361168314,2.353100212829669,0.9333333333333333,0.5172413793103449,0.4160919540229885,78,4,symmetry,1307.801642083039,2,0,True,True,0,d4_orbit_holdout_v1,d4_orbit_holdout_v1,D4,True,0,28,49,012351c3e3ce54f4700812ff617dbccd4d328ccf4352f78a7e46b6d690bd904f,898ffe05fe1f89dfae86bd2d395e1dcec5619e4b468dd1cef3f4db89652ed1a7,2bfac0ceb07ae056d3f567b74fbdc97415a67edaa86cf88effe46a69ad9a6361,0.0,0.0,0,none,(),5080177bfb0b19e1bdf2c632ce666ddfb4d7c99c079d28ca9950413aad67af82,0c4fabb34ac8b9127e556c700c1da20b5c8c2c4d4fcf83c8a5b917feb814ca61,f439a9ed51f57fae2f57b262021cc4415869d38f86d0bb4d2fa89db413eebdd4
D2_V4,3,2,7,30,348,15,100,30,0.01,False,cpu,lightning.qubit,adjoint,paper,edge,0.1,False,0.0,D4,1.4753248297920836,2.7570421563756393,0.9,0.3735632183908046,0.5264367816091955,78,4,symmetry,1274.1596785830334,7,0,True,True,0,d4_orbit_holdout_v1,d4_orbit_holdout_v1,D4,True,0,28,49,fdebfc5b8a6735daa77adc9c5365409bddbf58c94f1b74c7343da84c639ef4a0,898ffe05fe1f89dfae86bd2d395e1dcec5619e4b468dd1cef3f4db89652ed1a7,b9f58ebcece0ce6055d3e62be47de2d425b08b1197b3b3006717c06706b355d0,0.0,0.0,0,none,(),5080177bfb0b19e1bdf2c632ce666ddfb4d7c99c079d28ca9950413aad67af82,0c4fabb34ac8b9127e556c700c1da20b5c8c2c4d4fcf83c8a5b917feb814ca61,f439a9ed51f57fae2f57b262021cc4415869d38f86d0bb4d2fa89db413eebdd4
D2_V4,3,2,2,60,348,15,100,30,0.01,False,cpu,lightning.qubit,adjoint,paper,edge,0.1,False,0.0,D4,1.5327087054907824,2.405095766478005,0.8666666666666667,0.4942528735632184,0.3724137931034483,78,4,symmetry,1364.2738769580028,2,0,True,True,0,d4_orbit_holdout_v1,d4_orbit_holdout_v1,D4,True,0,51,49,3e10f5e740c3e1fc60bed7b14008fc76d3a7070251b9aafc4d1c9ff42963b675,898ffe05fe1f89dfae86bd2d395e1dcec5619e4b468dd1cef3f4db89652ed1a7,5e80089d322e2e32e8df328353338fa008283708087997f172d6054f6fb1dded,0.0,0.0,0,none,(),5080177bfb0b19e1bdf2c632ce666ddfb4d7c99c079d28ca9950413aad67af82,0c4fabb34ac8b9127e556c700c1da20b5c8c2c4d4fcf83c8a5b917feb814ca61,f439a9ed51f57fae2f57b262021cc4415869d38f86d0bb4d2fa89db413eebdd4
D2_V4,3,2,7,60,348,15,100,30,0.01,False,cpu,lightning.qubit,adjoint,paper,edge,0.1,False,0.0,D4,1.5358383368636053,2.3248236502706656,0.85,0.5804597701149425,0.26954022988505744,78,4,symmetry,1364.5133343330235,7,0,True,True,0,d4_orbit_holdout_v1,d4_orbit_holdout_v1,D4,True,0,52,49,7913d1b81966957fc454d840fd2d104a9889a68fd43027436da50e67f84b4281,898ffe05fe1f89dfae86bd2d395e1dcec5619e4b468dd1cef3f4db89652ed1a7,6343d41d5a3117648f141b20ba8fcdab43f96977d12feb05c81bf0ab33c205fb,0.0,0.0,0,none,(),5080177bfb0b19e1bdf2c632ce666ddfb4d7c99c079d28ca9950413aad67af82,0c4fabb34ac8b9127e556c700c1da20b5c8c2c4d4fcf83c8a5b917feb814ca61,f439a9ed51f57fae2f57b262021cc4415869d38f86d0bb4d2fa89db413eebdd4
D2_V4,3,2,2,120,348,15,100,30,0.01,False,cpu,lightning.qubit,adjoint,paper,edge,0.1,False,0.0,D4,1.7916492302486993,2.152796339522242,0.7916666666666666,0.6551724137931034,0.1364942528735632,78,4,symmetry,1363.991256624984,2,0,True,True,0,d4_orbit_holdout_v1,d4_orbit_holdout_v1,D4,True,0,93,49,585673268215e67b4791fb1d5ff75319099947474366c4072c67c363bb1d5a9b,898ffe05fe1f89dfae86bd2d395e1dcec5619e4b468dd1cef3f4db89652ed1a7,296c83d7a7f92e0eb5a4b1bd86944188f10aa254a951e3b53526d77bee1dd725,0.0,0.0,0,none,(),5080177bfb0b19e1bdf2c632ce666ddfb4d7c99c079d28ca9950413aad67af82,0c4fabb34ac8b9127e556c700c1da20b5c8c2c4d4fcf83c8a5b917feb814ca61,f439a9ed51f57fae2f57b262021cc4415869d38f86d0bb4d2fa89db413eebdd4
D2_V4,3,2,7,120,348,15,100,30,0.01,False,cpu,lightning.qubit,adjoint,paper,edge,0.1,False,0.0,D4,1.9434500398161936,2.455012968880958,0.6833333333333333,0.5287356321839081,0.15459770114942528,78,4,symmetry,1336.5390035830205,7,0,True,True,0,d4_orbit_holdout_v1,d4_orbit_holdout_v1,D4,True,0,91,49,a15704f4ba7b44c68aed48d02d69890a5049f9668a5ed5009d7e3d69330b5301,898ffe05fe1f89dfae86bd2d395e1dcec5619e4b468dd1cef3f4db89652ed1a7,1447b67cfb5501f7237a0c9fe011d1361d266b39505b3dd09a34d53288234a4b,0.0,0.0,0,none,(),5080177bfb0b19e1bdf2c632ce666ddfb4d7c99c079d28ca9950413aad67af82,0c4fabb34ac8b9127e556c700c1da20b5c8c2c4d4fcf83c8a5b917feb814ca61,f439a9ed51f57fae2f57b262021cc4415869d38f86d0bb4d2fa89db413eebdd4
D2_V4,3,2,2,240,348,15,100,30,0.01,False,cpu,lightning.qubit,adjoint,paper,edge,0.1,False,0.0,D4,1.9400327363201493,2.1110671769490565,0.7875,0.7586206896551724,0.028879310344827602,78,4,symmetry,1373.3963579580304,2,0,True,True,0,d4_orbit_holdout_v1,d4_orbit_holdout_v1,D4,True,0,152,49,6ae2b9cabf6c499004c3933f54f9064020a5eeb4ae9e3eab9eeba0ebe08c5b83,898ffe05fe1f89dfae86bd2d395e1dcec5619e4b468dd1cef3f4db89652ed1a7,fd4a44bc6c675210f27bcfe470c396d2c14f1190f75fee31a7495cd57fc37111,0.0,0.0,0,none,(),5080177bfb0b19e1bdf2c632ce666ddfb4d7c99c079d28ca9950413aad67af82,0c4fabb34ac8b9127e556c700c1da20b5c8c2c4d4fcf83c8a5b917feb814ca61,f439a9ed51f57fae2f57b262021cc4415869d38f86d0bb4d2fa89db413eebdd4
D2_V4,3,2,7,240,348,15,100,30,0.01,False,cpu,lightning.qubit,adjoint,paper,edge,0.1,False,0.0,D4,2.033111824291888,2.1396084839661857,0.7125,0.6724137931034483,0.040086206896551735,78,4,symmetry,1817.4328415000346,7,0,True,True,0,d4_orbit_holdout_v1,d4_orbit_holdout_v1,D4,True,0,148,49,04a423470264e1fc0eee90f01bf77b97b2d54c99dd0bf6e58283a870a9bc1af5,898ffe05fe1f89dfae86bd2d395e1dcec5619e4b468dd1cef3f4db89652ed1a7,b88ce323afcec010c79f85ad7a7cba3ea4dbbd574df723c05e20804820be7354,0.0,0.0,0,none,(),5080177bfb0b19e1bdf2c632ce666ddfb4d7c99c079d28ca9950413aad67af82,0c4fabb34ac8b9127e556c700c1da20b5c8c2c4d4fcf83c8a5b917feb814ca61,f439a9ed51f57fae2f57b262021cc4415869d38f86d0bb4d2fa89db413eebdd4
D2_V4,3,2,2,450,348,15,100,30,0.01,False,cpu,lightning.qubit,adjoint,paper,edge,0.1,False,0.0,D4,1.9858499278448019,2.0776794715059537,0.66,0.6666666666666666,-0.006666666666666599,78,4,symmetry,1410.0691424999968,2,0,True,True,0,d4_orbit_holdout_v1,d4_orbit_holdout_v1,D4,True,0,229,49,b173370472fc253d6e1cff6bf6a404b7bf82c20c111939cdef36ee1db0fdb4c9,898ffe05fe1f89dfae86bd2d395e1dcec5619e4b468dd1cef3f4db89652ed1a7,d6b2e82383286d26db34de3fe536b206c62d3bdd0bc38645f616c2fe2967f1aa,0.0,0.0,0,none,(),5080177bfb0b19e1bdf2c632ce666ddfb4d7c99c079d28ca9950413aad67af82,0c4fabb34ac8b9127e556c700c1da20b5c8c2c4d4fcf83c8a5b917feb814ca61,f439a9ed51f57fae2f57b262021cc4415869d38f86d0bb4d2fa89db413eebdd4
D2_V4,3,2,7,450,348,15,100,30,0.01,False,cpu,lightning.qubit,adjoint,paper,edge,0.1,False,0.0,D4,2.0515615681174135,2.100922795243682,0.6422222222222222,0.6436781609195402,-0.001455938697317971,78,4,symmetry,1377.8379473749665,7,0,True,True,0,d4_orbit_holdout_v1,d4_orbit_holdout_v1,D4,True,0,220,49,e59b993603f46c0c8ef00b8238b4af35a6ad5c327d3f84700cf93cc84364dc2d,898ffe05fe1f89dfae86bd2d395e1dcec5619e4b468dd1cef3f4db89652ed1a7,1bfd8b03cb135a01a564f5f9a7aba100cf20081ee6cadd9953cf3a266fdadc84,0.0,0.0,0,none,(),5080177bfb0b19e1bdf2c632ce666ddfb4d7c99c079d28ca9950413aad67af82,0c4fabb34ac8b9127e556c700c1da20b5c8c2c4d4fcf83c8a5b917feb814ca61,f439a9ed51f57fae2f57b262021cc4415869d38f86d0bb4d2fa89db413eebdd4
D2_V4,3,2,2,600,348,15,100,30,0.01,False,cpu,lightning.qubit,adjoint,paper,edge,0.1,False,0.0,D4,1.9703859920585645,2.1083302104954558,0.7433333333333333,0.7068965517241379,0.03643678160919539,78,4,symmetry,1346.4104987499886,2,0,True,True,0,d4_orbit_holdout_v1,d4_orbit_holdout_v1,D4,True,0,269,49,f9ef66ed8c54beeeab8d30e8c978294086c0bc03d8089bdb0086cc397e19d97b,898ffe05fe1f89dfae86bd2d395e1dcec5619e4b468dd1cef3f4db89652ed1a7,1d49a8470be0d005a3fdbf85fced0419b16c60e88b7a367b16eacec8e9002abf,0.0,0.0,0,none,(),5080177bfb0b19e1bdf2c632ce666ddfb4d7c99c079d28ca9950413aad67af82,0c4fabb34ac8b9127e556c700c1da20b5c8c2c4d4fcf83c8a5b917feb814ca61,f439a9ed51f57fae2f57b262021cc4415869d38f86d0bb4d2fa89db413eebdd4
D2_V4,3,2,7,600,348,15,100,30,0.01,False,cpu,lightning.qubit,adjoint,paper,edge,0.1,False,0.0,D4,2.063135401659862,2.2189360873184225,0.695,0.5574712643678161,0.13752873563218382,78,4,symmetry,1371.196405790979,7,0,True,True,0,d4_orbit_holdout_v1,d4_orbit_holdout_v1,D4,True,0,262,49,2e4b5e4c0ea21848b05443dfeb749ee5e4b3712272d6f850b1d1c1c198f7b414,898ffe05fe1f89dfae86bd2d395e1dcec5619e4b468dd1cef3f4db89652ed1a7,9a6df2e338d341b2a893a3b35c6043fb5969e7317e81ff563483c2696d01ef32,0.0,0.0,0,none,(),5080177bfb0b19e1bdf2c632ce666ddfb4d7c99c079d28ca9950413aad67af82,0c4fabb34ac8b9127e556c700c1da20b5c8c2c4d4fcf83c8a5b917feb814ca61,f439a9ed51f57fae2f57b262021cc4415869d38f86d0bb4d2fa89db413eebdd4
D4,3,2,2,30,348,15,100,30,0.01,False,cpu,lightning.qubit,adjoint,paper,edge,0.1,False,0.0,D4,1.2174657379738352,2.1528129755634833,0.9,0.5747126436781609,0.32528735632183914,54,8,symmetry,1333.422609500005,2,0,True,True,0,d4_orbit_holdout_v1,d4_orbit_holdout_v1,D4,True,0,28,49,012351c3e3ce54f4700812ff617dbccd4d328ccf4352f78a7e46b6d690bd904f,898ffe05fe1f89dfae86bd2d395e1dcec5619e4b468dd1cef3f4db89652ed1a7,2bfac0ceb07ae056d3f567b74fbdc97415a67edaa86cf88effe46a69ad9a6361,0.0,0.0,0,none,(),5080177bfb0b19e1bdf2c632ce666ddfb4d7c99c079d28ca9950413aad67af82,0c4fabb34ac8b9127e556c700c1da20b5c8c2c4d4fcf83c8a5b917feb814ca61,f439a9ed51f57fae2f57b262021cc4415869d38f86d0bb4d2fa89db413eebdd4
D4,3,2,7,30,348,15,100,30,0.01,False,cpu,lightning.qubit,adjoint,paper,edge,0.1,False,0.0,D4,1.5319567940416896,2.4215662486794747,0.9,0.5287356321839081,0.37126436781609196,54,8,symmetry,1321.6773401250248,7,0,True,True,0,d4_orbit_holdout_v1,d4_orbit_holdout_v1,D4,True,0,28,49,fdebfc5b8a6735daa77adc9c5365409bddbf58c94f1b74c7343da84c639ef4a0,898ffe05fe1f89dfae86bd2d395e1dcec5619e4b468dd1cef3f4db89652ed1a7,b9f58ebcece0ce6055d3e62be47de2d425b08b1197b3b3006717c06706b355d0,0.0,0.0,0,none,(),5080177bfb0b19e1bdf2c632ce666ddfb4d7c99c079d28ca9950413aad67af82,0c4fabb34ac8b9127e556c700c1da20b5c8c2c4d4fcf83c8a5b917feb814ca61,f439a9ed51f57fae2f57b262021cc4415869d38f86d0bb4d2fa89db413eebdd4
D4,3,2,2,60,348,15,100,30,0.01,False,cpu,lightning.qubit,adjoint,paper,edge,0.1,False,0.0,D4,1.5815506269704542,2.2480091885108324,0.8,0.5747126436781609,0.22528735632183916,54,8,symmetry,1281.0491999169462,2,0,True,True,0,d4_orbit_holdout_v1,d4_orbit_holdout_v1,D4,True,0,51,49,3e10f5e740c3e1fc60bed7b14008fc76d3a7070251b9aafc4d1c9ff42963b675,898ffe05fe1f89dfae86bd2d395e1dcec5619e4b468dd1cef3f4db89652ed1a7,5e80089d322e2e32e8df328353338fa008283708087997f172d6054f6fb1dded,0.0,0.0,0,none,(),5080177bfb0b19e1bdf2c632ce666ddfb4d7c99c079d28ca9950413aad67af82,0c4fabb34ac8b9127e556c700c1da20b5c8c2c4d4fcf83c8a5b917feb814ca61,f439a9ed51f57fae2f57b262021cc4415869d38f86d0bb4d2fa89db413eebdd4
D4,3,2,7,60,348,15,100,30,0.01,False,cpu,lightning.qubit,adjoint,paper,edge,0.1,False,0.0,D4,1.7191594062820412,2.218305496771791,0.8333333333333334,0.6781609195402298,0.15517241379310354,54,8,symmetry,1316.0956143749645,7,0,True,True,0,d4_orbit_holdout_v1,d4_orbit_holdout_v1,D4,True,0,52,49,7913d1b81966957fc454d840fd2d104a9889a68fd43027436da50e67f84b4281,898ffe05fe1f89dfae86bd2d395e1dcec5619e4b468dd1cef3f4db89652ed1a7,6343d41d5a3117648f141b20ba8fcdab43f96977d12feb05c81bf0ab33c205fb,0.0,0.0,0,none,(),5080177bfb0b19e1bdf2c632ce666ddfb4d7c99c079d28ca9950413aad67af82,0c4fabb34ac8b9127e556c700c1da20b5c8c2c4d4fcf83c8a5b917feb814ca61,f439a9ed51f57fae2f57b262021cc4415869d38f86d0bb4d2fa89db413eebdd4
D4,3,2,2,120,348,15,100,30,0.01,False,cpu,lightning.qubit,adjoint,paper,edge,0.1,False,0.0,D4,1.8180005870896436,2.0809665280277736,0.7833333333333333,0.6666666666666666,0.1166666666666667,54,8,symmetry,1282.2620587499696,2,0,True,True,0,d4_orbit_holdout_v1,d4_orbit_holdout_v1,D4,True,0,93,49,585673268215e67b4791fb1d5ff75319099947474366c4072c67c363bb1d5a9b,898ffe05fe1f89dfae86bd2d395e1dcec5619e4b468dd1cef3f4db89652ed1a7,296c83d7a7f92e0eb5a4b1bd86944188f10aa254a951e3b53526d77bee1dd725,0.0,0.0,0,none,(),5080177bfb0b19e1bdf2c632ce666ddfb4d7c99c079d28ca9950413aad67af82,0c4fabb34ac8b9127e556c700c1da20b5c8c2c4d4fcf83c8a5b917feb814ca61,f439a9ed51f57fae2f57b262021cc4415869d38f86d0bb4d2fa89db413eebdd4
D4,3,2,7,120,348,15,100,30,0.01,False,cpu,lightning.qubit,adjoint,paper,edge,0.1,False,0.0,D4,1.983405060428557,2.2360497570417,0.6916666666666667,0.5862068965517241,0.10545977011494256,54,8,symmetry,1255.8188991249772,7,0,True,True,0,d4_orbit_holdout_v1,d4_orbit_holdout_v1,D4,True,0,91,49,a15704f4ba7b44c68aed48d02d69890a5049f9668a5ed5009d7e3d69330b5301,898ffe05fe1f89dfae86bd2d395e1dcec5619e4b468dd1cef3f4db89652ed1a7,1447b67cfb5501f7237a0c9fe011d1361d266b39505b3dd09a34d53288234a4b,0.0,0.0,0,none,(),5080177bfb0b19e1bdf2c632ce666ddfb4d7c99c079d28ca9950413aad67af82,0c4fabb34ac8b9127e556c700c1da20b5c8c2c4d4fcf83c8a5b917feb814ca61,f439a9ed51f57fae2f57b262021cc4415869d38f86d0bb4d2fa89db413eebdd4
D4,3,2,2,240,348,15,100,30,0.01,False,cpu,lightning.qubit,adjoint,paper,edge,0.1,False,0.0,D4,1.987744244251465,2.1499535305527995,0.6833333333333333,0.6666666666666666,0.01666666666666672,54,8,symmetry,1310.1580730840215,2,0,True,True,0,d4_orbit_holdout_v1,d4_orbit_holdout_v1,D4,True,0,152,49,6ae2b9cabf6c499004c3933f54f9064020a5eeb4ae9e3eab9eeba0ebe08c5b83,898ffe05fe1f89dfae86bd2d395e1dcec5619e4b468dd1cef3f4db89652ed1a7,fd4a44bc6c675210f27bcfe470c396d2c14f1190f75fee31a7495cd57fc37111,0.0,0.0,0,none,(),5080177bfb0b19e1bdf2c632ce666ddfb4d7c99c079d28ca9950413aad67af82,0c4fabb34ac8b9127e556c700c1da20b5c8c2c4d4fcf83c8a5b917feb814ca61,f439a9ed51f57fae2f57b262021cc4415869d38f86d0bb4d2fa89db413eebdd4
D4,3,2,7,240,348,15,100,30,0.01,False,cpu,lightning.qubit,adjoint,paper,edge,0.1,False,0.0,D4,1.9763156625548828,2.0738587557370782,0.7166666666666667,0.7471264367816092,-0.030459770114942497,54,8,symmetry,1288.8164234170108,7,0,True,True,0,d4_orbit_holdout_v1,d4_orbit_holdout_v1,D4,True,0,148,49,04a423470264e1fc0eee90f01bf77b97b2d54c99dd0bf6e58283a870a9bc1af5,898ffe05fe1f89dfae86bd2d395e1dcec5619e4b468dd1cef3f4db89652ed1a7,b88ce323afcec010c79f85ad7a7cba3ea4dbbd574df723c05e20804820be7354,0.0,0.0,0,none,(),5080177bfb0b19e1bdf2c632ce666ddfb4d7c99c079d28ca9950413aad67af82,0c4fabb34ac8b9127e556c700c1da20b5c8c2c4d4fcf83c8a5b917feb814ca61,f439a9ed51f57fae2f57b262021cc4415869d38f86d0bb4d2fa89db413eebdd4
D4,3,2,2,450,348,15,100,30,0.01,False,cpu,lightning.qubit,adjoint,paper,edge,0.1,False,0.0,D4,1.964240580724742,2.035942470408703,0.78,0.6551724137931034,0.1248275862068966,54,8,symmetry,1295.39554425003,2,0,True,True,0,d4_orbit_holdout_v1,d4_orbit_holdout_v1,D4,True,0,229,49,b173370472fc253d6e1cff6bf6a404b7bf82c20c111939cdef36ee1db0fdb4c9,898ffe05fe1f89dfae86bd2d395e1dcec5619e4b468dd1cef3f4db89652ed1a7,d6b2e82383286d26db34de3fe536b206c62d3bdd0bc38645f616c2fe2967f1aa,0.0,0.0,0,none,(),5080177bfb0b19e1bdf2c632ce666ddfb4d7c99c079d28ca9950413aad67af82,0c4fabb34ac8b9127e556c700c1da20b5c8c2c4d4fcf83c8a5b917feb814ca61,f439a9ed51f57fae2f57b262021cc4415869d38f86d0bb4d2fa89db413eebdd4
D4,3,2,7,450,348,15,100,30,0.01,False,cpu,lightning.qubit,adjoint,paper,edge,0.1,False,0.0,D4,1.9697571671715817,2.034915879846217,0.7,0.6666666666666666,0.033333333333333326,54,8,symmetry,1257.7377722079982,7,0,True,True,0,d4_orbit_holdout_v1,d4_orbit_holdout_v1,D4,True,0,220,49,e59b993603f46c0c8ef00b8238b4af35a6ad5c327d3f84700cf93cc84364dc2d,898ffe05fe1f89dfae86bd2d395e1dcec5619e4b468dd1cef3f4db89652ed1a7,1bfd8b03cb135a01a564f5f9a7aba100cf20081ee6cadd9953cf3a266fdadc84,0.0,0.0,0,none,(),5080177bfb0b19e1bdf2c632ce666ddfb4d7c99c079d28ca9950413aad67af82,0c4fabb34ac8b9127e556c700c1da20b5c8c2c4d4fcf83c8a5b917feb814ca61,f439a9ed51f57fae2f57b262021cc4415869d38f86d0bb4d2fa89db413eebdd4
D4,3,2,2,600,348,15,100,30,0.01,False,cpu,lightning.qubit,adjoint,paper,edge,0.1,False,0.0,D4,1.952617870154069,2.083221224123654,0.7266666666666667,0.6666666666666666,0.06000000000000005,54,8,symmetry,1309.8970655000303,2,0,True,True,0,d4_orbit_holdout_v1,d4_orbit_holdout_v1,D4,True,0,269,49,f9ef66ed8c54beeeab8d30e8c978294086c0bc03d8089bdb0086cc397e19d97b,898ffe05fe1f89dfae86bd2d395e1dcec5619e4b468dd1cef3f4db89652ed1a7,1d49a8470be0d005a3fdbf85fced0419b16c60e88b7a367b16eacec8e9002abf,0.0,0.0,0,none,(),5080177bfb0b19e1bdf2c632ce666ddfb4d7c99c079d28ca9950413aad67af82,0c4fabb34ac8b9127e556c700c1da20b5c8c2c4d4fcf83c8a5b917feb814ca61,f439a9ed51f57fae2f57b262021cc4415869d38f86d0bb4d2fa89db413eebdd4
D4,3,2,7,600,348,15,100,30,0.01,False,cpu,lightning.qubit,adjoint,paper,edge,0.1,False,0.0,D4,2.0123336434972527,2.0504351445004603,0.6933333333333334,0.6666666666666666,0.026666666666666727,54,8,symmetry,1286.7035896250163,7,0,True,True,0,d4_orbit_holdout_v1,d4_orbit_holdout_v1,D4,True,0,262,49,2e4b5e4c0ea21848b05443dfeb749ee5e4b3712272d6f850b1d1c1c198f7b414,898ffe05fe1f89dfae86bd2d395e1dcec5619e4b468dd1cef3f4db89652ed1a7,9a6df2e338d341b2a893a3b35c6043fb5969e7317e81ff563483c2696d01ef32,0.0,0.0,0,none,(),5080177bfb0b19e1bdf2c632ce666ddfb4d7c99c079d28ca9950413aad67af82,0c4fabb34ac8b9127e556c700c1da20b5c8c2c4d4fcf83c8a5b917feb814ca61,f439a9ed51f57fae2f57b262021cc4415869d38f86d0bb4d2fa89db413eebdd4
C4,3,2,2,30,348,15,100,30,0.01,False,cpu,lightning.qubit,adjoint,paper,edge_line_zzz_ccrz,0.1,False,0.0,D4,1.033405992909608,2.1750913106083987,0.9666666666666667,0.5977011494252874,0.36896551724137927,96,4,symmetry,3113.162075083994,2,0,True,True,0,d4_orbit_holdout_v1,d4_orbit_holdout_v1,D4,True,0,28,49,012351c3e3ce54f4700812ff617dbccd4d328ccf4352f78a7e46b6d690bd904f,898ffe05fe1f89dfae86bd2d395e1dcec5619e4b468dd1cef3f4db89652ed1a7,2bfac0ceb07ae056d3f567b74fbdc97415a67edaa86cf88effe46a69ad9a6361,0.0,0.0,0,none,(),5080177bfb0b19e1bdf2c632ce666ddfb4d7c99c079d28ca9950413aad67af82,0c4fabb34ac8b9127e556c700c1da20b5c8c2c4d4fcf83c8a5b917feb814ca61,f439a9ed51f57fae2f57b262021cc4415869d38f86d0bb4d2fa89db413eebdd4
C4,3,2,7,30,348,15,100,30,0.01,False,cpu,lightning.qubit,adjoint,paper,edge_line_zzz_ccrz,0.1,False,0.0,D4,1.3894212346301218,2.5068342909598296,0.9333333333333333,0.45977011494252873,0.4735632183908046,96,4,symmetry,3165.1302157919854,7,0,True,True,0,d4_orbit_holdout_v1,d4_orbit_holdout_v1,D4,True,0,28,49,fdebfc5b8a6735daa77adc9c5365409bddbf58c94f1b74c7343da84c639ef4a0,898ffe05fe1f89dfae86bd2d395e1dcec5619e4b468dd1cef3f4db89652ed1a7,b9f58ebcece0ce6055d3e62be47de2d425b08b1197b3b3006717c06706b355d0,0.0,0.0,0,none,(),5080177bfb0b19e1bdf2c632ce666ddfb4d7c99c079d28ca9950413aad67af82,0c4fabb34ac8b9127e556c700c1da20b5c8c2c4d4fcf83c8a5b917feb814ca61,f439a9ed51f57fae2f57b262021cc4415869d38f86d0bb4d2fa89db413eebdd4
C4,3,2,2,60,348,15,100,30,0.01,False,cpu,lightning.qubit,adjoint,paper,edge_line_zzz_ccrz,0.1,False,0.0,D4,1.3921066499648405,2.072489066806842,0.85,0.6666666666666666,0.18333333333333335,96,4,symmetry,3175.660183458007,2,0,True,True,0,d4_orbit_holdout_v1,d4_orbit_holdout_v1,D4,True,0,51,49,3e10f5e740c3e1fc60bed7b14008fc76d3a7070251b9aafc4d1c9ff42963b675,898ffe05fe1f89dfae86bd2d395e1dcec5619e4b468dd1cef3f4db89652ed1a7,5e80089d322e2e32e8df328353338fa008283708087997f172d6054f6fb1dded,0.0,0.0,0,none,(),5080177bfb0b19e1bdf2c632ce666ddfb4d7c99c079d28ca9950413aad67af82,0c4fabb34ac8b9127e556c700c1da20b5c8c2c4d4fcf83c8a5b917feb814ca61,f439a9ed51f57fae2f57b262021cc4415869d38f86d0bb4d2fa89db413eebdd4
C4,3,2,7,60,348,15,100,30,0.01,False,cpu,lightning.qubit,adjoint,paper,edge_line_zzz_ccrz,0.1,False,0.0,D4,1.4995401490870885,2.059793516547381,0.9166666666666666,0.6781609195402298,0.2385057471264368,96,4,symmetry,3170.6411562919966,7,0,True,True,0,d4_orbit_holdout_v1,d4_orbit_holdout_v1,D4,True,0,52,49,7913d1b81966957fc454d840fd2d104a9889a68fd43027436da50e67f84b4281,898ffe05fe1f89dfae86bd2d395e1dcec5619e4b468dd1cef3f4db89652ed1a7,6343d41d5a3117648f141b20ba8fcdab43f96977d12feb05c81bf0ab33c205fb,0.0,0.0,0,none,(),5080177bfb0b19e1bdf2c632ce666ddfb4d7c99c079d28ca9950413aad67af82,0c4fabb34ac8b9127e556c700c1da20b5c8c2c4d4fcf83c8a5b917feb814ca61,f439a9ed51f57fae2f57b262021cc4415869d38f86d0bb4d2fa89db413eebdd4
C4,3,2,2,120,348,15,100,30,0.01,False,cpu,lightning.qubit,adjoint,paper,edge_line_zzz_ccrz,0.1,False,0.0,D4,1.648346330145654,2.04665673436935,0.825,0.6896551724137931,0.1353448275862068,96,4,symmetry,3192.1375537080457,2,0,True,True,0,d4_orbit_holdout_v1,d4_orbit_holdout_v1,D4,True,0,93,49,585673268215e67b4791fb1d5ff75319099947474366c4072c67c363bb1d5a9b,898ffe05fe1f89dfae86bd2d395e1dcec5619e4b468dd1cef3f4db89652ed1a7,296c83d7a7f92e0eb5a4b1bd86944188f10aa254a951e3b53526d77bee1dd725,0.0,0.0,0,none,(),5080177bfb0b19e1bdf2c632ce666ddfb4d7c99c079d28ca9950413aad67af82,0c4fabb34ac8b9127e556c700c1da20b5c8c2c4d4fcf83c8a5b917feb814ca61,f439a9ed51f57fae2f57b262021cc4415869d38f86d0bb4d2fa89db413eebdd4
C4,3,2,7,120,348,15,100,30,0.01,False,cpu,lightning.qubit,adjoint,paper,edge_line_zzz_ccrz,0.1,False,0.0,D4,1.7934733523354571,2.2361363141092863,0.8416666666666667,0.6436781609195402,0.19798850574712645,96,4,symmetry,3162.3047491249745,7,0,True,True,0,d4_orbit_holdout_v1,d4_orbit_holdout_v1,D4,True,0,91,49,a15704f4ba7b44c68aed48d02d69890a5049f9668a5ed5009d7e3d69330b5301,898ffe05fe1f89dfae86bd2d395e1dcec5619e4b468dd1cef3f4db89652ed1a7,1447b67cfb5501f7237a0c9fe011d1361d266b39505b3dd09a34d53288234a4b,0.0,0.0,0,none,(),5080177bfb0b19e1bdf2c632ce666ddfb4d7c99c079d28ca9950413aad67af82,0c4fabb34ac8b9127e556c700c1da20b5c8c2c4d4fcf83c8a5b917feb814ca61,f439a9ed51f57fae2f57b262021cc4415869d38f86d0bb4d2fa89db413eebdd4
C4,3,2,2,240,348,15,100,30,0.01,False,cpu,lightning.qubit,adjoint,paper,edge_line_zzz_ccrz,0.1,False,0.0,D4,1.8283113965600137,1.914205363909378,0.8083333333333333,0.7586206896551724,0.04971264367816097,96,4,symmetry,3243.0422609159723,2,0,True,True,0,d4_orbit_holdout_v1,d4_orbit_holdout_v1,D4,True,0,152,49,6ae2b9cabf6c499004c3933f54f9064020a5eeb4ae9e3eab9eeba0ebe08c5b83,898ffe05fe1f89dfae86bd2d395e1dcec5619e4b468dd1cef3f4db89652ed1a7,fd4a44bc6c675210f27bcfe470c396d2c14f1190f75fee31a7495cd57fc37111,0.0,0.0,0,none,(),5080177bfb0b19e1bdf2c632ce666ddfb4d7c99c079d28ca9950413aad67af82,0c4fabb34ac8b9127e556c700c1da20b5c8c2c4d4fcf83c8a5b917feb814ca61,f439a9ed51f57fae2f57b262021cc4415869d38f86d0bb4d2fa89db413eebdd4
C4,3,2,7,240,348,15,100,30,0.01,False,cpu,lightning.qubit,adjoint,paper,edge_line_zzz_ccrz,0.1,False,0.0,D4,1.791288796104652,1.9698003698052386,0.7833333333333333,0.6781609195402298,0.10517241379310349,96,4,symmetry,3198.435232000018,7,0,True,True,0,d4_orbit_holdout_v1,d4_orbit_holdout_v1,D4,True,0,148,49,04a423470264e1fc0eee90f01bf77b97b2d54c99dd0bf6e58283a870a9bc1af5,898ffe05fe1f89dfae86bd2d395e1dcec5619e4b468dd1cef3f4db89652ed1a7,b88ce323afcec010c79f85ad7a7cba3ea4dbbd574df723c05e20804820be7354,0.0,0.0,0,none,(),5080177bfb0b19e1bdf2c632ce666ddfb4d7c99c079d28ca9950413aad67af82,0c4fabb34ac8b9127e556c700c1da20b5c8c2c4d4fcf83c8a5b917feb814ca61,f439a9ed51f57fae2f57b262021cc4415869d38f86d0bb4d2fa89db413eebdd4
C4,3,2,2,450,348,15,100,30,0.01,False,cpu,lightning.qubit,adjoint,paper,edge_line_zzz_ccrz,0.1,False,0.0,D4,1.8267311197912033,2.0443832593856373,0.84,0.735632183908046,0.104367816091954,96,4,symmetry,3471.7088675000123,2,0,True,True,0,d4_orbit_holdout_v1,d4_orbit_holdout_v1,D4,True,0,229,49,b173370472fc253d6e1cff6bf6a404b7bf82c20c111939cdef36ee1db0fdb4c9,898ffe05fe1f89dfae86bd2d395e1dcec5619e4b468dd1cef3f4db89652ed1a7,d6b2e82383286d26db34de3fe536b206c62d3bdd0bc38645f616c2fe2967f1aa,0.0,0.0,0,none,(),5080177bfb0b19e1bdf2c632ce666ddfb4d7c99c079d28ca9950413aad67af82,0c4fabb34ac8b9127e556c700c1da20b5c8c2c4d4fcf83c8a5b917feb814ca61,f439a9ed51f57fae2f57b262021cc4415869d38f86d0bb4d2fa89db413eebdd4
C4,3,2,7,450,348,15,100,30,0.01,False,cpu,lightning.qubit,adjoint,paper,edge_line_zzz_ccrz,0.1,False,0.0,D4,1.8411493658538272,1.9933375590983817,0.7088888888888889,0.7011494252873564,0.007739463601532548,96,4,symmetry,3233.1343035420286,7,0,True,True,0,d4_orbit_holdout_v1,d4_orbit_holdout_v1,D4,True,0,220,49,e59b993603f46c0c8ef00b8238b4af35a6ad5c327d3f84700cf93cc84364dc2d,898ffe05fe1f89dfae86bd2d395e1dcec5619e4b468dd1cef3f4db89652ed1a7,1bfd8b03cb135a01a564f5f9a7aba100cf20081ee6cadd9953cf3a266fdadc84,0.0,0.0,0,none,(),5080177bfb0b19e1bdf2c632ce666ddfb4d7c99c079d28ca9950413aad67af82,0c4fabb34ac8b9127e556c700c1da20b5c8c2c4d4fcf83c8a5b917feb814ca61,f439a9ed51f57fae2f57b262021cc4415869d38f86d0bb4d2fa89db413eebdd4
C4,3,2,2,600,348,15,100,30,0.01,False,cpu,lightning.qubit,adjoint,paper,edge_line_zzz_ccrz,0.1,False,0.0,D4,1.8463769270669408,2.0132694085105776,0.7933333333333333,0.7126436781609196,0.08068965517241378,96,4,symmetry,3213.50064975,2,0,True,True,0,d4_orbit_holdout_v1,d4_orbit_holdout_v1,D4,True,0,269,49,f9ef66ed8c54beeeab8d30e8c978294086c0bc03d8089bdb0086cc397e19d97b,898ffe05fe1f89dfae86bd2d395e1dcec5619e4b468dd1cef3f4db89652ed1a7,1d49a8470be0d005a3fdbf85fced0419b16c60e88b7a367b16eacec8e9002abf,0.0,0.0,0,none,(),5080177bfb0b19e1bdf2c632ce666ddfb4d7c99c079d28ca9950413aad67af82,0c4fabb34ac8b9127e556c700c1da20b5c8c2c4d4fcf83c8a5b917feb814ca61,f439a9ed51f57fae2f57b262021cc4415869d38f86d0bb4d2fa89db413eebdd4
C4,3,2,7,600,348,15,100,30,0.01,False,cpu,lightning.qubit,adjoint,paper,edge_line_zzz_ccrz,0.1,False,0.0,D4,1.8601040296903306,2.0611356333953537,0.7583333333333333,0.6781609195402298,0.08017241379310347,96,4,symmetry,3246.8502109590336,7,0,True,True,0,d4_orbit_holdout_v1,d4_orbit_holdout_v1,D4,True,0,262,49,2e4b5e4c0ea21848b05443dfeb749ee5e4b3712272d6f850b1d1c1c198f7b414,898ffe05fe1f89dfae86bd2d395e1dcec5619e4b468dd1cef3f4db89652ed1a7,9a6df2e338d341b2a893a3b35c6043fb5969e7317e81ff563483c2696d01ef32,0.0,0.0,0,none,(),5080177bfb0b19e1bdf2c632ce666ddfb4d7c99c079d28ca9950413aad67af82,0c4fabb34ac8b9127e556c700c1da20b5c8c2c4d4fcf83c8a5b917feb814ca61,f439a9ed51f57fae2f57b262021cc4415869d38f86d0bb4d2fa89db413eebdd4
D4,3,2,2,30,348,15,100,30,0.01,False,cpu,lightning.qubit,adjoint,paper,edge_line_zzz_ccrz,0.1,False,0.0,D4,0.9983302324870611,2.348029909154443,0.9666666666666667,0.5977011494252874,0.36896551724137927,90,8,symmetry,3243.1831491669873,2,0,True,True,0,d4_orbit_holdout_v1,d4_orbit_holdout_v1,D4,True,0,28,49,012351c3e3ce54f4700812ff617dbccd4d328ccf4352f78a7e46b6d690bd904f,898ffe05fe1f89dfae86bd2d395e1dcec5619e4b468dd1cef3f4db89652ed1a7,2bfac0ceb07ae056d3f567b74fbdc97415a67edaa86cf88effe46a69ad9a6361,0.0,0.0,0,none,(),5080177bfb0b19e1bdf2c632ce666ddfb4d7c99c079d28ca9950413aad67af82,0c4fabb34ac8b9127e556c700c1da20b5c8c2c4d4fcf83c8a5b917feb814ca61,f439a9ed51f57fae2f57b262021cc4415869d38f86d0bb4d2fa89db413eebdd4
D4,3,2,7,30,348,15,100,30,0.01,False,cpu,lightning.qubit,adjoint,paper,edge_line_zzz_ccrz,0.1,False,0.0,D4,1.4129073332956799,2.477200929032427,0.8666666666666667,0.4942528735632184,0.3724137931034483,90,8,symmetry,3225.903998749971,7,0,True,True,0,d4_orbit_holdout_v1,d4_orbit_holdout_v1,D4,True,0,28,49,fdebfc5b8a6735daa77adc9c5365409bddbf58c94f1b74c7343da84c639ef4a0,898ffe05fe1f89dfae86bd2d395e1dcec5619e4b468dd1cef3f4db89652ed1a7,b9f58ebcece0ce6055d3e62be47de2d425b08b1197b3b3006717c06706b355d0,0.0,0.0,0,none,(),5080177bfb0b19e1bdf2c632ce666ddfb4d7c99c079d28ca9950413aad67af82,0c4fabb34ac8b9127e556c700c1da20b5c8c2c4d4fcf83c8a5b917feb814ca61,f439a9ed51f57fae2f57b262021cc4415869d38f86d0bb4d2fa89db413eebdd4
D4,3,2,2,60,348,15,100,30,0.01,False,cpu,lightning.qubit,adjoint,paper,edge_line_zzz_ccrz,0.1,False,0.0,D4,1.5220839747077657,2.094513626873859,0.8333333333333334,0.6551724137931034,0.17816091954022995,90,8,symmetry,3244.1296881249873,2,0,True,True,0,d4_orbit_holdout_v1,d4_orbit_holdout_v1,D4,True,0,51,49,3e10f5e740c3e1fc60bed7b14008fc76d3a7070251b9aafc4d1c9ff42963b675,898ffe05fe1f89dfae86bd2d395e1dcec5619e4b468dd1cef3f4db89652ed1a7,5e80089d322e2e32e8df328353338fa008283708087997f172d6054f6fb1dded,0.0,0.0,0,none,(),5080177bfb0b19e1bdf2c632ce666ddfb4d7c99c079d28ca9950413aad67af82,0c4fabb34ac8b9127e556c700c1da20b5c8c2c4d4fcf83c8a5b917feb814ca61,f439a9ed51f57fae2f57b262021cc4415869d38f86d0bb4d2fa89db413eebdd4
D4,3,2,7,60,348,15,100,30,0.01,False,cpu,lightning.qubit,adjoint,paper,edge_line_zzz_ccrz,0.1,False,0.0,D4,1.5109392375354205,1.9895368104712479,0.8666666666666667,0.6551724137931034,0.21149425287356327,90,8,symmetry,3202.9082657080144,7,0,True,True,0,d4_orbit_holdout_v1,d4_orbit_holdout_v1,D4,True,0,52,49,7913d1b81966957fc454d840fd2d104a9889a68fd43027436da50e67f84b4281,898ffe05fe1f89dfae86bd2d395e1dcec5619e4b468dd1cef3f4db89652ed1a7,6343d41d5a3117648f141b20ba8fcdab43f96977d12feb05c81bf0ab33c205fb,0.0,0.0,0,none,(),5080177bfb0b19e1bdf2c632ce666ddfb4d7c99c079d28ca9950413aad67af82,0c4fabb34ac8b9127e556c700c1da20b5c8c2c4d4fcf83c8a5b917feb814ca61,f439a9ed51f57fae2f57b262021cc4415869d38f86d0bb4d2fa89db413eebdd4
D4,3,2,2,120,348,15,100,30,0.01,False,cpu,lightning.qubit,adjoint,paper,edge_line_zzz_ccrz,0.1,False,0.0,D4,1.6585677676454678,1.9730275069715348,0.8833333333333333,0.7241379310344828,0.15919540229885054,90,8,symmetry,3289.7556034169975,2,0,True,True,0,d4_orbit_holdout_v1,d4_orbit_holdout_v1,D4,True,0,93,49,585673268215e67b4791fb1d5ff75319099947474366c4072c67c363bb1d5a9b,898ffe05fe1f89dfae86bd2d395e1dcec5619e4b468dd1cef3f4db89652ed1a7,296c83d7a7f92e0eb5a4b1bd86944188f10aa254a951e3b53526d77bee1dd725,0.0,0.0,0,none,(),5080177bfb0b19e1bdf2c632ce666ddfb4d7c99c079d28ca9950413aad67af82,0c4fabb34ac8b9127e556c700c1da20b5c8c2c4d4fcf83c8a5b917feb814ca61,f439a9ed51f57fae2f57b262021cc4415869d38f86d0bb4d2fa89db413eebdd4
D4,3,2,7,120,348,15,100,30,0.01,False,cpu,lightning.qubit,adjoint,paper,edge_line_zzz_ccrz,0.1,False,0.0,D4,1.6494951637874222,2.013238904850938,0.85,0.7241379310344828,0.12586206896551722,90,8,symmetry,3271.965955874999,7,0,True,True,0,d4_orbit_holdout_v1,d4_orbit_holdout_v1,D4,True,0,91,49,a15704f4ba7b44c68aed48d02d69890a5049f9668a5ed5009d7e3d69330b5301,898ffe05fe1f89dfae86bd2d395e1dcec5619e4b468dd1cef3f4db89652ed1a7,1447b67cfb5501f7237a0c9fe011d1361d266b39505b3dd09a34d53288234a4b,0.0,0.0,0,none,(),5080177bfb0b19e1bdf2c632ce666ddfb4d7c99c079d28ca9950413aad67af82,0c4fabb34ac8b9127e556c700c1da20b5c8c2c4d4fcf83c8a5b917feb814ca61,f439a9ed51f57fae2f57b262021cc4415869d38f86d0bb4d2fa89db413eebdd4
D4,3,2,2,240,348,15,100,30,0.01,False,cpu,lightning.qubit,adjoint,paper,edge_line_zzz_ccrz,0.1,False,0.0,D4,1.7552399731257542,1.9681423183488613,0.8291666666666667,0.6551724137931034,0.1739942528735633,90,8,symmetry,3278.613920999982,2,0,True,True,0,d4_orbit_holdout_v1,d4_orbit_holdout_v1,D4,True,0,152,49,6ae2b9cabf6c499004c3933f54f9064020a5eeb4ae9e3eab9eeba0ebe08c5b83,898ffe05fe1f89dfae86bd2d395e1dcec5619e4b468dd1cef3f4db89652ed1a7,fd4a44bc6c675210f27bcfe470c396d2c14f1190f75fee31a7495cd57fc37111,0.0,0.0,0,none,(),5080177bfb0b19e1bdf2c632ce666ddfb4d7c99c079d28ca9950413aad67af82,0c4fabb34ac8b9127e556c700c1da20b5c8c2c4d4fcf83c8a5b917feb814ca61,f439a9ed51f57fae2f57b262021cc4415869d38f86d0bb4d2fa89db413eebdd4
D4,3,2,7,240,348,15,100,30,0.01,False,cpu,lightning.qubit,adjoint,paper,edge_line_zzz_ccrz,0.1,False,0.0,D4,1.7954203376122015,1.904384971744674,0.85,0.7816091954022989,0.06839080459770108,90,8,symmetry,3304.066015749995,7,0,True,True,0,d4_orbit_holdout_v1,d4_orbit_holdout_v1,D4,True,0,148,49,04a423470264e1fc0eee90f01bf77b97b2d54c99dd0bf6e58283a870a9bc1af5,898ffe05fe1f89dfae86bd2d395e1dcec5619e4b468dd1cef3f4db89652ed1a7,b88ce323afcec010c79f85ad7a7cba3ea4dbbd574df723c05e20804820be7354,0.0,0.0,0,none,(),5080177bfb0b19e1bdf2c632ce666ddfb4d7c99c079d28ca9950413aad67af82,0c4fabb34ac8b9127e556c700c1da20b5c8c2c4d4fcf83c8a5b917feb814ca61,f439a9ed51f57fae2f57b262021cc4415869d38f86d0bb4d2fa89db413eebdd4
D4,3,2,2,450,348,15,100,30,0.01,False,cpu,lightning.qubit,adjoint,paper,edge_line_zzz_ccrz,0.1,False,0.0,D4,1.8202492445772214,1.8969295756203968,0.8133333333333334,0.7701149425287356,0.04321839080459777,90,8,symmetry,3845.588748458016,2,0,True,True,0,d4_orbit_holdout_v1,d4_orbit_holdout_v1,D4,True,0,229,49,b173370472fc253d6e1cff6bf6a404b7bf82c20c111939cdef36ee1db0fdb4c9,898ffe05fe1f89dfae86bd2d395e1dcec5619e4b468dd1cef3f4db89652ed1a7,d6b2e82383286d26db34de3fe536b206c62d3bdd0bc38645f616c2fe2967f1aa,0.0,0.0,0,none,(),5080177bfb0b19e1bdf2c632ce666ddfb4d7c99c079d28ca9950413aad67af82,0c4fabb34ac8b9127e556c700c1da20b5c8c2c4d4fcf83c8a5b917feb814ca61,f439a9ed51f57fae2f57b262021cc4415869d38f86d0bb4d2fa89db413eebdd4
D4,3,2,7,450,348,15,100,30,0.01,False,cpu,lightning.qubit,adjoint,paper,edge_line_zzz_ccrz,0.1,False,0.0,D4,1.7321847481007335,1.8016296790651984,0.7888888888888889,0.7816091954022989,0.0072796934865899665,90,8,symmetry,3307.6507169170072,7,0,True,True,0,d4_orbit_holdout_v1,d4_orbit_holdout_v1,D4,True,0,220,49,e59b993603f46c0c8ef00b8238b4af35a6ad5c327d3f84700cf93cc84364dc2d,898ffe05fe1f89dfae86bd2d395e1dcec5619e4b468dd1cef3f4db89652ed1a7,1bfd8b03cb135a01a564f5f9a7aba100cf20081ee6cadd9953cf3a266fdadc84,0.0,0.0,0,none,(),5080177bfb0b19e1bdf2c632ce666ddfb4d7c99c079d28ca9950413aad67af82,0c4fabb34ac8b9127e556c700c1da20b5c8c2c4d4fcf83c8a5b917feb814ca61,f439a9ed51f57fae2f57b262021cc4415869d38f86d0bb4d2fa89db413eebdd4
D4,3,2,2,600,348,15,100,30,0.01,False,cpu,lightning.qubit,adjoint,paper,edge_line_zzz_ccrz,0.1,False,0.0,D4,1.8096361759239956,1.9679219537414945,0.7616666666666667,0.7471264367816092,0.014540229885057543,90,8,symmetry,3280.927749083028,2,0,True,True,0,d4_orbit_holdout_v1,d4_orbit_holdout_v1,D4,True,0,269,49,f9ef66ed8c54beeeab8d30e8c978294086c0bc03d8089bdb0086cc397e19d97b,898ffe05fe1f89dfae86bd2d395e1dcec5619e4b468dd1cef3f4db89652ed1a7,1d49a8470be0d005a3fdbf85fced0419b16c60e88b7a367b16eacec8e9002abf,0.0,0.0,0,none,(),5080177bfb0b19e1bdf2c632ce666ddfb4d7c99c079d28ca9950413aad67af82,0c4fabb34ac8b9127e556c700c1da20b5c8c2c4d4fcf83c8a5b917feb814ca61,f439a9ed51f57fae2f57b262021cc4415869d38f86d0bb4d2fa89db413eebdd4
D4,3,2,7,600,348,15,100,30,0.01,False,cpu,lightning.qubit,adjoint,paper,edge_line_zzz_ccrz,0.1,False,0.0,D4,1.7669414567553956,1.9796140437680247,0.8383333333333334,0.7471264367816092,0.0912068965517242,90,8,symmetry,3265.5689417090034,7,0,True,True,0,d4_orbit_holdout_v1,d4_orbit_holdout_v1,D4,True,0,262,49,2e4b5e4c0ea21848b05443dfeb749ee5e4b3712272d6f850b1d1c1c198f7b414,898ffe05fe1f89dfae86bd2d395e1dcec5619e4b468dd1cef3f4db89652ed1a7,9a6df2e338d341b2a893a3b35c6043fb5969e7317e81ff563483c2696d01ef32,0.0,0.0,0,none,(),5080177bfb0b19e1bdf2c632ce666ddfb4d7c99c079d28ca9950413aad67af82,0c4fabb34ac8b9127e556c700c1da20b5c8c2c4d4fcf83c8a5b917feb814ca61,f439a9ed51f57fae2f57b262021cc4415869d38f86d0bb4d2fa89db413eebdd4
C4,3,2,2,600,348,15,100,30,0.01,False,cpu,lightning.qubit,adjoint,paper,edge_line_zzz,0.1,False,0.0,D4,1.8939475356854647,1.9902981998598923,0.755,0.7011494252873564,0.05385057471264365,78,4,symmetry,1599.4227679579635,2,0,True,True,0,d4_orbit_holdout_v1,d4_orbit_holdout_v1,D4,True,0,269,49,f9ef66ed8c54beeeab8d30e8c978294086c0bc03d8089bdb0086cc397e19d97b,898ffe05fe1f89dfae86bd2d395e1dcec5619e4b468dd1cef3f4db89652ed1a7,1d49a8470be0d005a3fdbf85fced0419b16c60e88b7a367b16eacec8e9002abf,0.0,0.0,0,none,(),5080177bfb0b19e1bdf2c632ce666ddfb4d7c99c079d28ca9950413aad67af82,0c4fabb34ac8b9127e556c700c1da20b5c8c2c4d4fcf83c8a5b917feb814ca61,f439a9ed51f57fae2f57b262021cc4415869d38f86d0bb4d2fa89db413eebdd4
C4,3,2,7,600,348,15,100,30,0.01,False,cpu,lightning.qubit,adjoint,paper,edge_line_zzz,0.1,False,0.0,D4,1.932867572870704,2.1343729956029516,0.7316666666666667,0.6436781609195402,0.08798850574712647,78,4,symmetry,1579.8869323749677,7,0,True,True,0,d4_orbit_holdout_v1,d4_orbit_holdout_v1,D4,True,0,262,49,2e4b5e4c0ea21848b05443dfeb749ee5e4b3712272d6f850b1d1c1c198f7b414,898ffe05fe1f89dfae86bd2d395e1dcec5619e4b468dd1cef3f4db89652ed1a7,9a6df2e338d341b2a893a3b35c6043fb5969e7317e81ff563483c2696d01ef32,0.0,0.0,0,none,(),5080177bfb0b19e1bdf2c632ce666ddfb4d7c99c079d28ca9950413aad67af82,0c4fabb34ac8b9127e556c700c1da20b5c8c2c4d4fcf83c8a5b917feb814ca61,f439a9ed51f57fae2f57b262021cc4415869d38f86d0bb4d2fa89db413eebdd4
D4,3,2,2,600,348,15,100,30,0.01,False,cpu,lightning.qubit,adjoint,paper,edge_line_zzz,0.1,False,0.0,D4,1.9321445370552752,2.0999631453991388,0.805,0.7471264367816092,0.05787356321839088,72,8,symmetry,1576.0888344169944,2,0,True,True,0,d4_orbit_holdout_v1,d4_orbit_holdout_v1,D4,True,0,269,49,f9ef66ed8c54beeeab8d30e8c978294086c0bc03d8089bdb0086cc397e19d97b,898ffe05fe1f89dfae86bd2d395e1dcec5619e4b468dd1cef3f4db89652ed1a7,1d49a8470be0d005a3fdbf85fced0419b16c60e88b7a367b16eacec8e9002abf,0.0,0.0,0,none,(),5080177bfb0b19e1bdf2c632ce666ddfb4d7c99c079d28ca9950413aad67af82,0c4fabb34ac8b9127e556c700c1da20b5c8c2c4d4fcf83c8a5b917feb814ca61,f439a9ed51f57fae2f57b262021cc4415869d38f86d0bb4d2fa89db413eebdd4
D4,3,2,7,600,348,15,100,30,0.01,False,cpu,lightning.qubit,adjoint,paper,edge_line_zzz,0.1,False,0.0,D4,1.9115179761439556,1.968923685851936,0.73,0.7126436781609196,0.017356321839080424,72,8,symmetry,1576.8729724169825,7,0,True,True,0,d4_orbit_holdout_v1,d4_orbit_holdout_v1,D4,True,0,262,49,2e4b5e4c0ea21848b05443dfeb749ee5e4b3712272d6f850b1d1c1c198f7b414,898ffe05fe1f89dfae86bd2d395e1dcec5619e4b468dd1cef3f4db89652ed1a7,9a6df2e338d341b2a893a3b35c6043fb5969e7317e81ff563483c2696d01ef32,0.0,0.0,0,none,(),5080177bfb0b19e1bdf2c632ce666ddfb4d7c99c079d28ca9950413aad67af82,0c4fabb34ac8b9127e556c700c1da20b5c8c2c4d4fcf83c8a5b917feb814ca61,f439a9ed51f57fae2f57b262021cc4415869d38f86d0bb4d2fa89db413eebdd4
C4,3,2,2,600,348,15,100,30,0.01,False,cpu,lightning.qubit,adjoint,paper,edge_line_ccrz,0.1,False,0.0,D4,1.8609536546345593,2.034424210091413,0.7716666666666666,0.7126436781609196,0.059022988505747054,78,4,symmetry,2965.652149958012,2,0,True,True,0,d4_orbit_holdout_v1,d4_orbit_holdout_v1,D4,True,0,269,49,f9ef66ed8c54beeeab8d30e8c978294086c0bc03d8089bdb0086cc397e19d97b,898ffe05fe1f89dfae86bd2d395e1dcec5619e4b468dd1cef3f4db89652ed1a7,1d49a8470be0d005a3fdbf85fced0419b16c60e88b7a367b16eacec8e9002abf,0.0,0.0,0,none,(),5080177bfb0b19e1bdf2c632ce666ddfb4d7c99c079d28ca9950413aad67af82,0c4fabb34ac8b9127e556c700c1da20b5c8c2c4d4fcf83c8a5b917feb814ca61,f439a9ed51f57fae2f57b262021cc4415869d38f86d0bb4d2fa89db413eebdd4
C4,3,2,7,600,348,15,100,30,0.01,False,cpu,lightning.qubit,adjoint,paper,edge_line_ccrz,0.1,False,0.0,D4,1.8730299591719919,1.9930731966512096,0.7316666666666667,0.7586206896551724,-0.026954022988505688,78,4,symmetry,2975.4794574999833,7,0,True,True,0,d4_orbit_holdout_v1,d4_orbit_holdout_v1,D4,True,0,262,49,2e4b5e4c0ea21848b05443dfeb749ee5e4b3712272d6f850b1d1c1c198f7b414,898ffe05fe1f89dfae86bd2d395e1dcec5619e4b468dd1cef3f4db89652ed1a7,9a6df2e338d341b2a893a3b35c6043fb5969e7317e81ff563483c2696d01ef32,0.0,0.0,0,none,(),5080177bfb0b19e1bdf2c632ce666ddfb4d7c99c079d28ca9950413aad67af82,0c4fabb34ac8b9127e556c700c1da20b5c8c2c4d4fcf83c8a5b917feb814ca61,f439a9ed51f57fae2f57b262021cc4415869d38f86d0bb4d2fa89db413eebdd4
D4,3,2,2,600,348,15,100,30,0.01,False,cpu,lightning.qubit,adjoint,paper,edge_line_ccrz,0.1,False,0.0,D4,1.7863585937525106,1.917861706218583,0.8183333333333334,0.7931034482758621,0.025229885057471257,72,8,symmetry,2963.3446769579896,2,0,True,True,0,d4_orbit_holdout_v1,d4_orbit_holdout_v1,D4,True,0,269,49,f9ef66ed8c54beeeab8d30e8c978294086c0bc03d8089bdb0086cc397e19d97b,898ffe05fe1f89dfae86bd2d395e1dcec5619e4b468dd1cef3f4db89652ed1a7,1d49a8470be0d005a3fdbf85fced0419b16c60e88b7a367b16eacec8e9002abf,0.0,0.0,0,none,(),5080177bfb0b19e1bdf2c632ce666ddfb4d7c99c079d28ca9950413aad67af82,0c4fabb34ac8b9127e556c700c1da20b5c8c2c4d4fcf83c8a5b917feb814ca61,f439a9ed51f57fae2f57b262021cc4415869d38f86d0bb4d2fa89db413eebdd4
D4,3,2,7,600,348,15,100,30,0.01,False,cpu,lightning.qubit,adjoint,paper,edge_line_ccrz,0.1,False,0.0,D4,1.9320073439865868,2.0002310118070454,0.7416666666666667,0.7011494252873564,0.04051724137931034,72,8,symmetry,2967.0814072919893,7,0,True,True,0,d4_orbit_holdout_v1,d4_orbit_holdout_v1,D4,True,0,262,49,2e4b5e4c0ea21848b05443dfeb749ee5e4b3712272d6f850b1d1c1c198f7b414,898ffe05fe1f89dfae86bd2d395e1dcec5619e4b468dd1cef3f4db89652ed1a7,9a6df2e338d341b2a893a3b35c6043fb5969e7317e81ff563483c2696d01ef32,0.0,0.0,0,none,(),5080177bfb0b19e1bdf2c632ce666ddfb4d7c99c079d28ca9950413aad67af82,0c4fabb34ac8b9127e556c700c1da20b5c8c2c4d4fcf83c8a5b917feb814ca61,f439a9ed51f57fae2f57b262021cc4415869d38f86d0bb4d2fa89db413eebdd4
C4,3,2,2,600,348,15,100,30,0.01,False,cpu,lightning.qubit,adjoint,paper,line_zzz_ccrz,0.1,False,0.0,D4,1.9056587721954417,2.037657175293047,0.74,0.7011494252873564,0.03885057471264364,72,4,symmetry,2453.3257025829516,2,0,True,True,0,d4_orbit_holdout_v1,d4_orbit_holdout_v1,D4,True,0,269,49,f9ef66ed8c54beeeab8d30e8c978294086c0bc03d8089bdb0086cc397e19d97b,898ffe05fe1f89dfae86bd2d395e1dcec5619e4b468dd1cef3f4db89652ed1a7,1d49a8470be0d005a3fdbf85fced0419b16c60e88b7a367b16eacec8e9002abf,0.0,0.0,0,none,(),5080177bfb0b19e1bdf2c632ce666ddfb4d7c99c079d28ca9950413aad67af82,0c4fabb34ac8b9127e556c700c1da20b5c8c2c4d4fcf83c8a5b917feb814ca61,f439a9ed51f57fae2f57b262021cc4415869d38f86d0bb4d2fa89db413eebdd4
C4,3,2,7,600,348,15,100,30,0.01,False,cpu,lightning.qubit,adjoint,paper,line_zzz_ccrz,0.1,False,0.0,D4,1.8315500058215055,2.072609590379314,0.755,0.6781609195402298,0.07683908045977017,72,4,symmetry,2451.320121249999,7,0,True,True,0,d4_orbit_holdout_v1,d4_orbit_holdout_v1,D4,True,0,262,49,2e4b5e4c0ea21848b05443dfeb749ee5e4b3712272d6f850b1d1c1c198f7b414,898ffe05fe1f89dfae86bd2d395e1dcec5619e4b468dd1cef3f4db89652ed1a7,9a6df2e338d341b2a893a3b35c6043fb5969e7317e81ff563483c2696d01ef32,0.0,0.0,0,none,(),5080177bfb0b19e1bdf2c632ce666ddfb4d7c99c079d28ca9950413aad67af82,0c4fabb34ac8b9127e556c700c1da20b5c8c2c4d4fcf83c8a5b917feb814ca61,f439a9ed51f57fae2f57b262021cc4415869d38f86d0bb4d2fa89db413eebdd4
D4,3,2,2,600,348,15,100,30,0.01,False,cpu,lightning.qubit,adjoint,paper,line_zzz_ccrz,0.1,False,0.0,D4,1.9056587721954417,2.037657175293047,0.74,0.7011494252873564,0.03885057471264364,72,8,symmetry,2498.7637786669657,2,0,True,True,0,d4_orbit_holdout_v1,d4_orbit_holdout_v1,D4,True,0,269,49,f9ef66ed8c54beeeab8d30e8c978294086c0bc03d8089bdb0086cc397e19d97b,898ffe05fe1f89dfae86bd2d395e1dcec5619e4b468dd1cef3f4db89652ed1a7,1d49a8470be0d005a3fdbf85fced0419b16c60e88b7a367b16eacec8e9002abf,0.0,0.0,0,none,(),5080177bfb0b19e1bdf2c632ce666ddfb4d7c99c079d28ca9950413aad67af82,0c4fabb34ac8b9127e556c700c1da20b5c8c2c4d4fcf83c8a5b917feb814ca61,f439a9ed51f57fae2f57b262021cc4415869d38f86d0bb4d2fa89db413eebdd4
D4,3,2,7,600,348,15,100,30,0.01,False,cpu,lightning.qubit,adjoint,paper,line_zzz_ccrz,0.1,False,0.0,D4,1.8315500058215055,2.072609590379314,0.755,0.6781609195402298,0.07683908045977017,72,8,symmetry,2458.8563077499857,7,0,True,True,0,d4_orbit_holdout_v1,d4_orbit_holdout_v1,D4,True,0,262,49,2e4b5e4c0ea21848b05443dfeb749ee5e4b3712272d6f850b1d1c1c198f7b414,898ffe05fe1f89dfae86bd2d395e1dcec5619e4b468dd1cef3f4db89652ed1a7,9a6df2e338d341b2a893a3b35c6043fb5969e7317e81ff563483c2696d01ef32,0.0,0.0,0,none,(),5080177bfb0b19e1bdf2c632ce666ddfb4d7c99c079d28ca9950413aad67af82,0c4fabb34ac8b9127e556c700c1da20b5c8c2c4d4fcf83c8a5b917feb814ca61,f439a9ed51f57fae2f57b262021cc4415869d38f86d0bb4d2fa89db413eebdd4
C4,3,2,2,600,348,15,100,30,0.01,False,cpu,lightning.qubit,adjoint,paper,line_zzz,0.1,False,0.0,D4,2.1383416383001945,2.1711797709170377,0.7266666666666667,0.7241379310344828,0.0025287356321839205,54,4,symmetry,887.1925815829891,2,0,True,True,0,d4_orbit_holdout_v1,d4_orbit_holdout_v1,D4,True,0,269,49,f9ef66ed8c54beeeab8d30e8c978294086c0bc03d8089bdb0086cc397e19d97b,898ffe05fe1f89dfae86bd2d395e1dcec5619e4b468dd1cef3f4db89652ed1a7,1d49a8470be0d005a3fdbf85fced0419b16c60e88b7a367b16eacec8e9002abf,0.0,0.0,0,none,(),5080177bfb0b19e1bdf2c632ce666ddfb4d7c99c079d28ca9950413aad67af82,0c4fabb34ac8b9127e556c700c1da20b5c8c2c4d4fcf83c8a5b917feb814ca61,f439a9ed51f57fae2f57b262021cc4415869d38f86d0bb4d2fa89db413eebdd4
C4,3,2,7,600,348,15,100,30,0.01,False,cpu,lightning.qubit,adjoint,paper,line_zzz,0.1,False,0.0,D4,2.127378113807335,2.197962468410352,0.725,0.7241379310344828,0.0008620689655172153,54,4,symmetry,887.2863451250014,7,0,True,True,0,d4_orbit_holdout_v1,d4_orbit_holdout_v1,D4,True,0,262,49,2e4b5e4c0ea21848b05443dfeb749ee5e4b3712272d6f850b1d1c1c198f7b414,898ffe05fe1f89dfae86bd2d395e1dcec5619e4b468dd1cef3f4db89652ed1a7,9a6df2e338d341b2a893a3b35c6043fb5969e7317e81ff563483c2696d01ef32,0.0,0.0,0,none,(),5080177bfb0b19e1bdf2c632ce666ddfb4d7c99c079d28ca9950413aad67af82,0c4fabb34ac8b9127e556c700c1da20b5c8c2c4d4fcf83c8a5b917feb814ca61,f439a9ed51f57fae2f57b262021cc4415869d38f86d0bb4d2fa89db413eebdd4
D4,3,2,2,600,348,15,100,30,0.01,False,cpu,lightning.qubit,adjoint,paper,line_zzz,0.1,False,0.0,D4,2.1383416383001945,2.1711797709170377,0.7266666666666667,0.7241379310344828,0.0025287356321839205,54,8,symmetry,889.3351786669809,2,0,True,True,0,d4_orbit_holdout_v1,d4_orbit_holdout_v1,D4,True,0,269,49,f9ef66ed8c54beeeab8d30e8c978294086c0bc03d8089bdb0086cc397e19d97b,898ffe05fe1f89dfae86bd2d395e1dcec5619e4b468dd1cef3f4db89652ed1a7,1d49a8470be0d005a3fdbf85fced0419b16c60e88b7a367b16eacec8e9002abf,0.0,0.0,0,none,(),5080177bfb0b19e1bdf2c632ce666ddfb4d7c99c079d28ca9950413aad67af82,0c4fabb34ac8b9127e556c700c1da20b5c8c2c4d4fcf83c8a5b917feb814ca61,f439a9ed51f57fae2f57b262021cc4415869d38f86d0bb4d2fa89db413eebdd4
D4,3,2,7,600,348,15,100,30,0.01,False,cpu,lightning.qubit,adjoint,paper,line_zzz,0.1,False,0.0,D4,2.127378113807335,2.197962468410352,0.725,0.7241379310344828,0.0008620689655172153,54,8,symmetry,900.5656664160197,7,0,True,True,0,d4_orbit_holdout_v1,d4_orbit_holdout_v1,D4,True,0,262,49,2e4b5e4c0ea21848b05443dfeb749ee5e4b3712272d6f850b1d1c1c198f7b414,898ffe05fe1f89dfae86bd2d395e1dcec5619e4b468dd1cef3f4db89652ed1a7,9a6df2e338d341b2a893a3b35c6043fb5969e7317e81ff563483c2696d01ef32,0.0,0.0,0,none,(),5080177bfb0b19e1bdf2c632ce666ddfb4d7c99c079d28ca9950413aad67af82,0c4fabb34ac8b9127e556c700c1da20b5c8c2c4d4fcf83c8a5b917feb814ca61,f439a9ed51f57fae2f57b262021cc4415869d38f86d0bb4d2fa89db413eebdd4
C4,3,2,2,600,348,15,100,30,0.01,False,cpu,lightning.qubit,adjoint,paper,line_ccrz,0.1,False,0.0,D4,1.9549242727425333,2.029286882937238,0.7866666666666666,0.7126436781609196,0.07402298850574707,54,4,symmetry,2207.404134041979,2,0,True,True,0,d4_orbit_holdout_v1,d4_orbit_holdout_v1,D4,True,0,269,49,f9ef66ed8c54beeeab8d30e8c978294086c0bc03d8089bdb0086cc397e19d97b,898ffe05fe1f89dfae86bd2d395e1dcec5619e4b468dd1cef3f4db89652ed1a7,1d49a8470be0d005a3fdbf85fced0419b16c60e88b7a367b16eacec8e9002abf,0.0,0.0,0,none,(),5080177bfb0b19e1bdf2c632ce666ddfb4d7c99c079d28ca9950413aad67af82,0c4fabb34ac8b9127e556c700c1da20b5c8c2c4d4fcf83c8a5b917feb814ca61,f439a9ed51f57fae2f57b262021cc4415869d38f86d0bb4d2fa89db413eebdd4
C4,3,2,7,600,348,15,100,30,0.01,False,cpu,lightning.qubit,adjoint,paper,line_ccrz,0.1,False,0.0,D4,2.0023789349871506,2.184029703176238,0.715,0.7241379310344828,-0.009137931034482794,54,4,symmetry,2212.2333853330347,7,0,True,True,0,d4_orbit_holdout_v1,d4_orbit_holdout_v1,D4,True,0,262,49,2e4b5e4c0ea21848b05443dfeb749ee5e4b3712272d6f850b1d1c1c198f7b414,898ffe05fe1f89dfae86bd2d395e1dcec5619e4b468dd1cef3f4db89652ed1a7,9a6df2e338d341b2a893a3b35c6043fb5969e7317e81ff563483c2696d01ef32,0.0,0.0,0,none,(),5080177bfb0b19e1bdf2c632ce666ddfb4d7c99c079d28ca9950413aad67af82,0c4fabb34ac8b9127e556c700c1da20b5c8c2c4d4fcf83c8a5b917feb814ca61,f439a9ed51f57fae2f57b262021cc4415869d38f86d0bb4d2fa89db413eebdd4
D4,3,2,2,600,348,15,100,30,0.01,False,cpu,lightning.qubit,adjoint,paper,line_ccrz,0.1,False,0.0,D4,1.9549242727425333,2.029286882937238,0.7866666666666666,0.7126436781609196,0.07402298850574707,54,8,symmetry,2228.719732333964,2,0,True,True,0,d4_orbit_holdout_v1,d4_orbit_holdout_v1,D4,True,0,269,49,f9ef66ed8c54beeeab8d30e8c978294086c0bc03d8089bdb0086cc397e19d97b,898ffe05fe1f89dfae86bd2d395e1dcec5619e4b468dd1cef3f4db89652ed1a7,1d49a8470be0d005a3fdbf85fced0419b16c60e88b7a367b16eacec8e9002abf,0.0,0.0,0,none,(),5080177bfb0b19e1bdf2c632ce666ddfb4d7c99c079d28ca9950413aad67af82,0c4fabb34ac8b9127e556c700c1da20b5c8c2c4d4fcf83c8a5b917feb814ca61,f439a9ed51f57fae2f57b262021cc4415869d38f86d0bb4d2fa89db413eebdd4
D4,3,2,7,600,348,15,100,30,0.01,False,cpu,lightning.qubit,adjoint,paper,line_ccrz,0.1,False,0.0,D4,2.0023789349871506,2.184029703176238,0.715,0.7241379310344828,-0.009137931034482794,54,8,symmetry,2311.403606417007,7,0,True,True,0,d4_orbit_holdout_v1,d4_orbit_holdout_v1,D4,True,0,262,49,2e4b5e4c0ea21848b05443dfeb749ee5e4b3712272d6f850b1d1c1c198f7b414,898ffe05fe1f89dfae86bd2d395e1dcec5619e4b468dd1cef3f4db89652ed1a7,9a6df2e338d341b2a893a3b35c6043fb5969e7317e81ff563483c2696d01ef32,0.0,0.0,0,none,(),5080177bfb0b19e1bdf2c632ce666ddfb4d7c99c079d28ca9950413aad67af82,0c4fabb34ac8b9127e556c700c1da20b5c8c2c4d4fcf83c8a5b917feb814ca61,f439a9ed51f57fae2f57b262021cc4415869d38f86d0bb4d2fa89db413eebdd4
C4,3,2,2,600,348,15,100,30,0.01,False,cpu,lightning.qubit,adjoint,paper,line_pair_crz,0.1,False,0.0,D4,2.0152560618184174,2.2520156462922163,0.6966666666666667,0.5747126436781609,0.12195402298850577,54,4,symmetry,2672.4511030410067,2,0,True,True,0,d4_orbit_holdout_v1,d4_orbit_holdout_v1,D4,True,0,269,49,f9ef66ed8c54beeeab8d30e8c978294086c0bc03d8089bdb0086cc397e19d97b,898ffe05fe1f89dfae86bd2d395e1dcec5619e4b468dd1cef3f4db89652ed1a7,1d49a8470be0d005a3fdbf85fced0419b16c60e88b7a367b16eacec8e9002abf,0.0,0.0,0,none,(),5080177bfb0b19e1bdf2c632ce666ddfb4d7c99c079d28ca9950413aad67af82,0c4fabb34ac8b9127e556c700c1da20b5c8c2c4d4fcf83c8a5b917feb814ca61,f439a9ed51f57fae2f57b262021cc4415869d38f86d0bb4d2fa89db413eebdd4
C4,3,2,7,600,348,15,100,30,0.01,False,cpu,lightning.qubit,adjoint,paper,line_pair_crz,0.1,False,0.0,D4,2.0413551331725945,2.2529051982887034,0.6666666666666666,0.5402298850574713,0.12643678160919536,54,4,symmetry,2658.680802332994,7,0,True,True,0,d4_orbit_holdout_v1,d4_orbit_holdout_v1,D4,True,0,262,49,2e4b5e4c0ea21848b05443dfeb749ee5e4b3712272d6f850b1d1c1c198f7b414,898ffe05fe1f89dfae86bd2d395e1dcec5619e4b468dd1cef3f4db89652ed1a7,9a6df2e338d341b2a893a3b35c6043fb5969e7317e81ff563483c2696d01ef32,0.0,0.0,0,none,(),5080177bfb0b19e1bdf2c632ce666ddfb4d7c99c079d28ca9950413aad67af82,0c4fabb34ac8b9127e556c700c1da20b5c8c2c4d4fcf83c8a5b917feb814ca61,f439a9ed51f57fae2f57b262021cc4415869d38f86d0bb4d2fa89db413eebdd4
D4,3,2,2,600,348,15,100,30,0.01,False,cpu,lightning.qubit,adjoint,paper,line_pair_crz,0.1,False,0.0,D4,2.0152560618184174,2.2520156462922163,0.6966666666666667,0.5747126436781609,0.12195402298850577,54,8,symmetry,2644.3078846249846,2,0,True,True,0,d4_orbit_holdout_v1,d4_orbit_holdout_v1,D4,True,0,269,49,f9ef66ed8c54beeeab8d30e8c978294086c0bc03d8089bdb0086cc397e19d97b,898ffe05fe1f89dfae86bd2d395e1dcec5619e4b468dd1cef3f4db89652ed1a7,1d49a8470be0d005a3fdbf85fced0419b16c60e88b7a367b16eacec8e9002abf,0.0,0.0,0,none,(),5080177bfb0b19e1bdf2c632ce666ddfb4d7c99c079d28ca9950413aad67af82,0c4fabb34ac8b9127e556c700c1da20b5c8c2c4d4fcf83c8a5b917feb814ca61,f439a9ed51f57fae2f57b262021cc4415869d38f86d0bb4d2fa89db413eebdd4
D4,3,2,7,600,348,15,100,30,0.01,False,cpu,lightning.qubit,adjoint,paper,line_pair_crz,0.1,False,0.0,D4,2.0413551331725945,2.2529051982887034,0.6666666666666666,0.5402298850574713,0.12643678160919536,54,8,symmetry,2659.18229020905,7,0,True,True,0,d4_orbit_holdout_v1,d4_orbit_holdout_v1,D4,True,0,262,49,2e4b5e4c0ea21848b05443dfeb749ee5e4b3712272d6f850b1d1c1c198f7b414,898ffe05fe1f89dfae86bd2d395e1dcec5619e4b468dd1cef3f4db89652ed1a7,9a6df2e338d341b2a893a3b35c6043fb5969e7317e81ff563483c2696d01ef32,0.0,0.0,0,none,(),5080177bfb0b19e1bdf2c632ce666ddfb4d7c99c079d28ca9950413aad67af82,0c4fabb34ac8b9127e556c700c1da20b5c8c2c4d4fcf83c8a5b917feb814ca61,f439a9ed51f57fae2f57b262021cc4415869d38f86d0bb4d2fa89db413eebdd4
Z2_reflection,3,2,2,600,348,15,100,30,0.01,True,cpu,lightning.qubit,adjoint,paper,edge,0.1,False,0.0,D4,2.1654133752137166,2.2487469636138213,0.62,0.6235632183908046,-0.0035632183908046455,126,2,random,1351.8762682920205,2,0,True,True,0,d4_orbit_holdout_v1,d4_orbit_holdout_v1,D4,True,0,269,49,f9ef66ed8c54beeeab8d30e8c978294086c0bc03d8089bdb0086cc397e19d97b,898ffe05fe1f89dfae86bd2d395e1dcec5619e4b468dd1cef3f4db89652ed1a7,1d49a8470be0d005a3fdbf85fced0419b16c60e88b7a367b16eacec8e9002abf,0.0,0.0,0,none,(),5080177bfb0b19e1bdf2c632ce666ddfb4d7c99c079d28ca9950413aad67af82,0c4fabb34ac8b9127e556c700c1da20b5c8c2c4d4fcf83c8a5b917feb814ca61,f439a9ed51f57fae2f57b262021cc4415869d38f86d0bb4d2fa89db413eebdd4
Z2_reflection,3,2,7,600,348,15,100,30,0.01,True,cpu,lightning.qubit,adjoint,paper,edge,0.1,False,0.0,D4,2.1409696687526516,2.2453405066397902,0.635,0.5833333333333334,0.05166666666666664,126,2,random,1366.6787187089794,7,0,True,True,0,d4_orbit_holdout_v1,d4_orbit_holdout_v1,D4,True,0,262,49,2e4b5e4c0ea21848b05443dfeb749ee5e4b3712272d6f850b1d1c1c198f7b414,898ffe05fe1f89dfae86bd2d395e1dcec5619e4b468dd1cef3f4db89652ed1a7,9a6df2e338d341b2a893a3b35c6043fb5969e7317e81ff563483c2696d01ef32,0.0,0.0,0,none,(),5080177bfb0b19e1bdf2c632ce666ddfb4d7c99c079d28ca9950413aad67af82,0c4fabb34ac8b9127e556c700c1da20b5c8c2c4d4fcf83c8a5b917feb814ca61,f439a9ed51f57fae2f57b262021cc4415869d38f86d0bb4d2fa89db413eebdd4
Z2_rot180,3,2,2,600,348,15,100,30,0.01,True,cpu,lightning.qubit,adjoint,paper,edge,0.1,False,0.0,D4,2.143316775225742,2.178148412410675,0.635,0.6408045977011494,-0.005804597701149383,108,2,random,1364.9333751659724,2,0,True,True,0,d4_orbit_holdout_v1,d4_orbit_holdout_v1,D4,True,0,269,49,f9ef66ed8c54beeeab8d30e8c978294086c0bc03d8089bdb0086cc397e19d97b,898ffe05fe1f89dfae86bd2d395e1dcec5619e4b468dd1cef3f4db89652ed1a7,1d49a8470be0d005a3fdbf85fced0419b16c60e88b7a367b16eacec8e9002abf,0.0,0.0,0,none,(),5080177bfb0b19e1bdf2c632ce666ddfb4d7c99c079d28ca9950413aad67af82,0c4fabb34ac8b9127e556c700c1da20b5c8c2c4d4fcf83c8a5b917feb814ca61,f439a9ed51f57fae2f57b262021cc4415869d38f86d0bb4d2fa89db413eebdd4
Z2_rot180,3,2,7,600,348,15,100,30,0.01,True,cpu,lightning.qubit,adjoint,paper,edge,0.1,False,0.0,D4,2.100227930648816,2.202334601650059,0.655,0.5862068965517241,0.06879310344827594,108,2,random,1784.6933362089912,7,0,True,True,0,d4_orbit_holdout_v1,d4_orbit_holdout_v1,D4,True,0,262,49,2e4b5e4c0ea21848b05443dfeb749ee5e4b3712272d6f850b1d1c1c198f7b414,898ffe05fe1f89dfae86bd2d395e1dcec5619e4b468dd1cef3f4db89652ed1a7,9a6df2e338d341b2a893a3b35c6043fb5969e7317e81ff563483c2696d01ef32,0.0,0.0,0,none,(),5080177bfb0b19e1bdf2c632ce666ddfb4d7c99c079d28ca9950413aad67af82,0c4fabb34ac8b9127e556c700c1da20b5c8c2c4d4fcf83c8a5b917feb814ca61,f439a9ed51f57fae2f57b262021cc4415869d38f86d0bb4d2fa89db413eebdd4
C4,3,2,2,600,348,15,100,30,0.01,True,cpu,lightning.qubit,adjoint,paper,edge,0.1,False,0.0,D4,2.2771719500768017,2.337326241849006,0.555,0.5747126436781609,-0.019712643678160835,60,4,random,1362.7665668749833,2,0,True,True,0,d4_orbit_holdout_v1,d4_orbit_holdout_v1,D4,True,0,269,49,f9ef66ed8c54beeeab8d30e8c978294086c0bc03d8089bdb0086cc397e19d97b,898ffe05fe1f89dfae86bd2d395e1dcec5619e4b468dd1cef3f4db89652ed1a7,1d49a8470be0d005a3fdbf85fced0419b16c60e88b7a367b16eacec8e9002abf,0.0,0.0,0,none,(),5080177bfb0b19e1bdf2c632ce666ddfb4d7c99c079d28ca9950413aad67af82,0c4fabb34ac8b9127e556c700c1da20b5c8c2c4d4fcf83c8a5b917feb814ca61,f439a9ed51f57fae2f57b262021cc4415869d38f86d0bb4d2fa89db413eebdd4
C4,3,2,7,600,348,15,100,30,0.01,True,cpu,lightning.qubit,adjoint,paper,edge,0.1,False,0.0,D4,2.2052589020519737,2.2650862269135783,0.5866666666666667,0.5747126436781609,0.011954022988505786,60,4,random,1323.199469333049,7,0,True,True,0,d4_orbit_holdout_v1,d4_orbit_holdout_v1,D4,True,0,262,49,2e4b5e4c0ea21848b05443dfeb749ee5e4b3712272d6f850b1d1c1c198f7b414,898ffe05fe1f89dfae86bd2d395e1dcec5619e4b468dd1cef3f4db89652ed1a7,9a6df2e338d341b2a893a3b35c6043fb5969e7317e81ff563483c2696d01ef32,0.0,0.0,0,none,(),5080177bfb0b19e1bdf2c632ce666ddfb4d7c99c079d28ca9950413aad67af82,0c4fabb34ac8b9127e556c700c1da20b5c8c2c4d4fcf83c8a5b917feb814ca61,f439a9ed51f57fae2f57b262021cc4415869d38f86d0bb4d2fa89db413eebdd4
D2_V4,3,2,2,600,348,15,100,30,0.01,True,cpu,lightning.qubit,adjoint,paper,edge,0.1,False,0.0,D4,2.203706908232477,2.306346105637265,0.6166666666666667,0.5517241379310345,0.06494252873563222,78,4,random,1379.0155987499747,2,0,True,True,0,d4_orbit_holdout_v1,d4_orbit_holdout_v1,D4,True,0,269,49,f9ef66ed8c54beeeab8d30e8c978294086c0bc03d8089bdb0086cc397e19d97b,898ffe05fe1f89dfae86bd2d395e1dcec5619e4b468dd1cef3f4db89652ed1a7,1d49a8470be0d005a3fdbf85fced0419b16c60e88b7a367b16eacec8e9002abf,0.0,0.0,0,none,(),5080177bfb0b19e1bdf2c632ce666ddfb4d7c99c079d28ca9950413aad67af82,0c4fabb34ac8b9127e556c700c1da20b5c8c2c4d4fcf83c8a5b917feb814ca61,f439a9ed51f57fae2f57b262021cc4415869d38f86d0bb4d2fa89db413eebdd4
D2_V4,3,2,7,600,348,15,100,30,0.01,True,cpu,lightning.qubit,adjoint,paper,edge,0.1,False,0.0,D4,2.1544316749495316,2.2502853047168916,0.6466666666666666,0.6436781609195402,0.002988505747126391,78,4,random,1545.6144480000366,7,0,True,True,0,d4_orbit_holdout_v1,d4_orbit_holdout_v1,D4,True,0,262,49,2e4b5e4c0ea21848b05443dfeb749ee5e4b3712272d6f850b1d1c1c198f7b414,898ffe05fe1f89dfae86bd2d395e1dcec5619e4b468dd1cef3f4db89652ed1a7,9a6df2e338d341b2a893a3b35c6043fb5969e7317e81ff563483c2696d01ef32,0.0,0.0,0,none,(),5080177bfb0b19e1bdf2c632ce666ddfb4d7c99c079d28ca9950413aad67af82,0c4fabb34ac8b9127e556c700c1da20b5c8c2c4d4fcf83c8a5b917feb814ca61,f439a9ed51f57fae2f57b262021cc4415869d38f86d0bb4d2fa89db413eebdd4
D4,3,2,2,600,348,15,100,30,0.01,True,cpu,lightning.qubit,adjoint,paper,edge,0.1,False,0.0,D4,2.2754902012307836,2.3692668271984245,0.6083333333333333,0.5747126436781609,0.0336206896551724,54,8,random,996.9718447919586,2,0,True,True,0,d4_orbit_holdout_v1,d4_orbit_holdout_v1,D4,True,0,269,49,f9ef66ed8c54beeeab8d30e8c978294086c0bc03d8089bdb0086cc397e19d97b,898ffe05fe1f89dfae86bd2d395e1dcec5619e4b468dd1cef3f4db89652ed1a7,1d49a8470be0d005a3fdbf85fced0419b16c60e88b7a367b16eacec8e9002abf,0.0,0.0,0,none,(),5080177bfb0b19e1bdf2c632ce666ddfb4d7c99c079d28ca9950413aad67af82,0c4fabb34ac8b9127e556c700c1da20b5c8c2c4d4fcf83c8a5b917feb814ca61,f439a9ed51f57fae2f57b262021cc4415869d38f86d0bb4d2fa89db413eebdd4
D4,3,2,7,600,348,15,100,30,0.01,True,cpu,lightning.qubit,adjoint,paper,edge,0.1,False,0.0,D4,2.2049630352675704,2.2164158817747692,0.6333333333333333,0.617816091954023,0.01551724137931032,54,8,random,644.8156392920064,7,0,True,True,0,d4_orbit_holdout_v1,d4_orbit_holdout_v1,D4,True,0,262,49,2e4b5e4c0ea21848b05443dfeb749ee5e4b3712272d6f850b1d1c1c198f7b414,898ffe05fe1f89dfae86bd2d395e1dcec5619e4b468dd1cef3f4db89652ed1a7,9a6df2e338d341b2a893a3b35c6043fb5969e7317e81ff563483c2696d01ef32,0.0,0.0,0,none,(),5080177bfb0b19e1bdf2c632ce666ddfb4d7c99c079d28ca9950413aad67af82,0c4fabb34ac8b9127e556c700c1da20b5c8c2c4d4fcf83c8a5b917feb814ca61,f439a9ed51f57fae2f57b262021cc4415869d38f86d0bb4d2fa89db413eebdd4
